room	room_header	state	entry_door	fx_list	selected_record	expected_type	actual_type	expected_base_y	actual_base_y	target_y	velocity	liquid_options	classification
$00/$00	91F8	9213	default	80C0	80C0	Rain	Rain	FFFF	FFFF	FFFF	0000	00	NonLiquidFx
$00/$00	91F8	9213	88FE	80C0	80C0	Rain	Rain	FFFF	FFFF	FFFF	0000	00	NonLiquidFx
$00/$00	91F8	9213	890A	80C0	80C0	Rain	Rain	FFFF	FFFF	FFFF	0000	00	NonLiquidFx
$00/$00	91F8	9213	8946	80C0	80C0	Rain	Rain	FFFF	FFFF	FFFF	0000	00	NonLiquidFx
$00/$00	91F8	9213	896A	80C0	80C0	Rain	Rain	FFFF	FFFF	FFFF	0000	00	NonLiquidFx
$00/$00	91F8	9213	89B2	80C0	80C0	Rain	Rain	FFFF	FFFF	FFFF	0000	00	NonLiquidFx
$00/$00	91F8	9213	8AC6	80C0	80C0	Rain	Rain	FFFF	FFFF	FFFF	0000	00	NonLiquidFx
$00/$00	91F8	922D	default	80C0	80C0	Rain	Rain	FFFF	FFFF	FFFF	0000	00	NonLiquidFx
$00/$00	91F8	922D	88FE	80C0	80C0	Rain	Rain	FFFF	FFFF	FFFF	0000	00	NonLiquidFx
$00/$00	91F8	922D	890A	80C0	80C0	Rain	Rain	FFFF	FFFF	FFFF	0000	00	NonLiquidFx
$00/$00	91F8	922D	8946	80C0	80C0	Rain	Rain	FFFF	FFFF	FFFF	0000	00	NonLiquidFx
$00/$00	91F8	922D	896A	80C0	80C0	Rain	Rain	FFFF	FFFF	FFFF	0000	00	NonLiquidFx
$00/$00	91F8	922D	89B2	80C0	80C0	Rain	Rain	FFFF	FFFF	FFFF	0000	00	NonLiquidFx
$00/$00	91F8	922D	8AC6	80C0	80C0	Rain	Rain	FFFF	FFFF	FFFF	0000	00	NonLiquidFx
$00/$00	91F8	9247	default	80D0	80D0	None	None	FFFF	FFFF	FFFF	0000	00	None
$00/$00	91F8	9247	88FE	80D0	80D0	None	None	FFFF	FFFF	FFFF	0000	00	None
$00/$00	91F8	9247	890A	80D0	80D0	None	None	FFFF	FFFF	FFFF	0000	00	None
$00/$00	91F8	9247	8946	80D0	80D0	None	None	FFFF	FFFF	FFFF	0000	00	None
$00/$00	91F8	9247	896A	80D0	80D0	None	None	FFFF	FFFF	FFFF	0000	00	None
$00/$00	91F8	9247	89B2	80D0	80D0	None	None	FFFF	FFFF	FFFF	0000	00	None
$00/$00	91F8	9247	8AC6	80D0	80D0	None	None	FFFF	FFFF	FFFF	0000	00	None
$00/$00	91F8	9261	default	8000	8000	None	None	FFFF	FFFF	FFFF	0000	00	None
$00/$00	91F8	9261	88FE	8000	8000	None	None	FFFF	FFFF	FFFF	0000	00	None
$00/$00	91F8	9261	890A	8000	8000	None	None	FFFF	FFFF	FFFF	0000	00	None
$00/$00	91F8	9261	8946	8000	8000	None	None	FFFF	FFFF	FFFF	0000	00	None
$00/$00	91F8	9261	896A	8000	8000	None	None	FFFF	FFFF	FFFF	0000	00	None
$00/$00	91F8	9261	89B2	8000	8000	None	None	FFFF	FFFF	FFFF	0000	00	None
$00/$00	91F8	9261	8AC6	8000	8000	None	None	FFFF	FFFF	FFFF	0000	00	None
$00/$01	92B3	92C5	default	80E0	80E0	Acid	Acid	00C8	00C8	FFFF	0000	42	VisibleLavaOrAcid
$00/$01	92B3	92C5	892E	80E0	80E0	Acid	Acid	00C8	00C8	FFFF	0000	42	VisibleLavaOrAcid
$00/$01	92B3	92C5	8B0E	80E0	80E0	Acid	Acid	00C8	00C8	FFFF	0000	42	VisibleLavaOrAcid
$00/$01	92B3	92DF	default	80E0	80E0	Acid	Acid	00C8	00C8	FFFF	0000	42	VisibleLavaOrAcid
$00/$01	92B3	92DF	892E	80E0	80E0	Acid	Acid	00C8	00C8	FFFF	0000	42	VisibleLavaOrAcid
$00/$01	92B3	92DF	8B0E	80E0	80E0	Acid	Acid	00C8	00C8	FFFF	0000	42	VisibleLavaOrAcid
$00/$02	92FD	9314	default	80F0	80F0	None	None	FFFF	FFFF	FFFF	0000	00	None
$00/$02	92FD	9314	8916	80F0	80F0	None	None	FFFF	FFFF	FFFF	0000	00	None
$00/$02	92FD	9314	89BE	80F0	80F0	None	None	FFFF	FFFF	FFFF	0000	00	None
$00/$02	92FD	9314	8B3E	80F0	80F0	None	None	FFFF	FFFF	FFFF	0000	00	None
$00/$02	92FD	9314	8BB6	80F0	80F0	None	None	FFFF	FFFF	FFFF	0000	00	None
$00/$02	92FD	9314	8BCE	80F0	80F0	None	None	FFFF	FFFF	FFFF	0000	00	None
$00/$02	92FD	9314	8BF2	80F0	80F0	None	None	FFFF	FFFF	FFFF	0000	00	None
$00/$02	92FD	9314	8C8E	80F0	80F0	None	None	FFFF	FFFF	FFFF	0000	00	None
$00/$02	92FD	932E	default	8050	8050	None	None	FFFF	FFFF	FFFF	0000	00	None
$00/$02	92FD	932E	8916	8050	8050	None	None	FFFF	FFFF	FFFF	0000	00	None
$00/$02	92FD	932E	89BE	8050	8050	None	None	FFFF	FFFF	FFFF	0000	00	None
$00/$02	92FD	932E	8B3E	8050	8050	None	None	FFFF	FFFF	FFFF	0000	00	None
$00/$02	92FD	932E	8BB6	8050	8050	None	None	FFFF	FFFF	FFFF	0000	00	None
$00/$02	92FD	932E	8BCE	8050	8050	None	None	FFFF	FFFF	FFFF	0000	00	None
$00/$02	92FD	932E	8BF2	8050	8050	None	None	FFFF	FFFF	FFFF	0000	00	None
$00/$02	92FD	932E	8C8E	8050	8050	None	None	FFFF	FFFF	FFFF	0000	00	None
$00/$02	92FD	9348	default	8010	8010	None	None	04E8	04E8	0010	FF98	00	None
$00/$02	92FD	9348	8916	8010	8010	None	None	04E8	04E8	0010	FF98	00	None
$00/$02	92FD	9348	89BE	8010	8010	None	None	04E8	04E8	0010	FF98	00	None
$00/$02	92FD	9348	8B3E	8010	8010	None	None	04E8	04E8	0010	FF98	00	None
$00/$02	92FD	9348	8BB6	8010	8010	None	None	04E8	04E8	0010	FF98	00	None
$00/$02	92FD	9348	8BCE	8010	8010	None	None	04E8	04E8	0010	FF98	00	None
$00/$02	92FD	9348	8BF2	8010	8010	None	None	04E8	04E8	0010	FF98	00	None
$00/$02	92FD	9348	8C8E	8010	8010	None	None	04E8	04E8	0010	FF98	00	None
$00/$03	93AA	93B7	default	8100	8100	Acid	Acid	00C0	00C0	FFFF	0000	42	VisibleLavaOrAcid
$00/$03	93AA	93B7	893A	8100	8100	Acid	Acid	00C0	00C0	FFFF	0000	42	VisibleLavaOrAcid
$00/$04	93D5	93E2	default	8110	none	None	None	0000	0000	0000	0000	00	None
$00/$04	93D5	93E2	899A	8110	none	None	None	0000	0000	0000	0000	00	None
$00/$05	93FE	940B	default	8112	8112	Water	Water	04F0	04F0	FFFF	0000	01	VisibleWater
$00/$05	93FE	940B	8A12	8112	8112	Water	Water	04F0	04F0	FFFF	0000	01	VisibleWater
$00/$05	93FE	940B	8AEA	8112	8112	Water	Water	04F0	04F0	FFFF	0000	01	VisibleWater
$00/$05	93FE	940B	A18C	8112	8112	Water	Water	04F0	04F0	FFFF	0000	01	VisibleWater
$00/$05	93FE	940B	A1B0	8112	8112	Water	Water	04F0	04F0	FFFF	0000	01	VisibleWater
$00/$05	93FE	940B	A1E0	8112	8112	Water	Water	04F0	04F0	FFFF	0000	01	VisibleWater
$00/$05	93FE	940B	A300	8112	8112	Water	Water	04F0	04F0	FFFF	0000	01	VisibleWater
$00/$06	9461	946E	default	8122	8122	Water	Water	00B0	00B0	FFFF	0000	83	VisibleWater
$00/$06	9461	946E	89E2	8122	8122	Water	Water	00B0	00B0	FFFF	0000	83	VisibleWater
$00/$06	9461	946E	8B26	8122	8122	Water	Water	00B0	00B0	FFFF	0000	83	VisibleWater
$00/$07	948C	9499	default	8132	8132	None	None	FFFF	FFFF	FFFF	0000	00	None
$00/$07	948C	9499	8AD2	8132	8132	None	None	FFFF	FFFF	FFFF	0000	00	None
$00/$07	948C	9499	8ADE	8132	8132	None	None	FFFF	FFFF	FFFF	0000	00	None
$00/$07	948C	9499	8AF6	8132	8132	None	None	FFFF	FFFF	FFFF	0000	00	None
$00/$08	94CC	94D9	default	8142	none	None	None	0000	0000	0000	0000	00	None
$00/$08	94CC	94D9	8ABA	8142	none	None	None	0000	0000	0000	0000	00	None
$00/$08	94CC	94D9	A594	8142	none	None	None	0000	0000	0000	0000	00	None
$00/$09	94FD	950A	default	8144	8144	Water	Water	04F0	04F0	FFFF	0000	01	VisibleWater
$00/$09	94FD	950A	8A7E	8144	8144	Water	Water	04F0	04F0	FFFF	0000	01	VisibleWater
$00/$09	94FD	950A	A264	8144	8144	Water	Water	04F0	04F0	FFFF	0000	01	VisibleWater
$00/$0A	9552	955F	default	8154	none	None	None	0000	0000	0000	0000	00	None
$00/$0A	9552	955F	8A72	8154	none	None	None	0000	0000	0000	0000	00	None
$00/$0A	9552	955F	8A96	8154	none	None	None	0000	0000	0000	0000	00	None
$00/$0B	957D	958A	default	8156	8156	Water	Water	01B0	01B0	FFFF	0000	03	VisibleWater
$00/$0B	957D	958A	8A8A	8156	8156	Water	Water	01B0	01B0	FFFF	0000	03	VisibleWater
$00/$0B	957D	958A	8AA2	8156	8156	Water	Water	01B0	01B0	FFFF	0000	03	VisibleWater
$00/$0C	95A8	95B5	default	8166	none	None	None	0000	0000	0000	0000	00	None
$00/$0C	95A8	95B5	8A4E	8166	none	None	None	0000	0000	0000	0000	00	None
$00/$0C	95A8	95B5	8AAE	8166	none	None	None	0000	0000	0000	0000	00	None
$00/$0D	95D4	95E1	default	8168	none	None	None	0000	0000	0000	0000	00	None
$00/$0D	95D4	95E1	8922	8168	none	None	None	0000	0000	0000	0000	00	None
$00/$0D	95D4	95E1	8A2A	8168	none	None	None	0000	0000	0000	0000	00	None
$00/$0E	95FF	960C	default	816A	816A	Water	Water	00B0	00B0	FFFF	0000	01	VisibleWater
$00/$0E	95FF	960C	89CA	816A	816A	Water	Water	00B0	00B0	FFFF	0000	01	VisibleWater
$00/$0E	95FF	960C	8A36	816A	816A	Water	Water	00B0	00B0	FFFF	0000	01	VisibleWater
$00/$0F	962A	9637	default	817A	none	None	None	0000	0000	0000	0000	00	None
$00/$0F	962A	9637	8A42	817A	none	None	None	0000	0000	0000	0000	00	None
$00/$0F	962A	9637	90BA	817A	none	None	None	0000	0000	0000	0000	00	None
$00/$10	965B	9668	default	817C	817C	Acid	Acid	00C8	00C8	FFFF	0000	42	VisibleLavaOrAcid
$00/$10	965B	9668	8952	817C	817C	Acid	Acid	00C8	00C8	FFFF	0000	42	VisibleLavaOrAcid
$00/$10	965B	9668	8C5E	817C	817C	Acid	Acid	00C8	00C8	FFFF	0000	42	VisibleLavaOrAcid
$00/$11	968F	969C	default	818C	none	None	None	0000	0000	0000	0000	00	None
$00/$11	968F	969C	8A1E	818C	none	None	None	0000	0000	0000	0000	00	None
$00/$11	968F	969C	A198	818C	none	None	None	0000	0000	0000	0000	00	None
$00/$12	96BA	96D1	default	818E	818E	Fog	Fog	FFFF	FFFF	FFFF	0000	00	NonLiquidFx
$00/$12	96BA	96D1	898E	818E	818E	Fog	Fog	FFFF	FFFF	FFFF	0000	00	NonLiquidFx
$00/$12	96BA	96D1	8B7A	818E	818E	Fog	Fog	FFFF	FFFF	FFFF	0000	00	NonLiquidFx
$00/$12	96BA	96D1	8C6A	818E	818E	Fog	Fog	FFFF	FFFF	FFFF	0000	00	NonLiquidFx
$00/$12	96BA	96D1	8C76	818E	818E	Fog	Fog	FFFF	FFFF	FFFF	0000	00	NonLiquidFx
$00/$12	96BA	96D1	AB34	818E	818E	Fog	Fog	FFFF	FFFF	FFFF	0000	00	NonLiquidFx
$00/$12	96BA	96EB	default	8060	8070	None	None	FFFF	FFFF	FFFF	0000	00	None
$00/$12	96BA	96EB	898E	8060	8070	None	None	FFFF	FFFF	FFFF	0000	00	None
$00/$12	96BA	96EB	8B7A	8060	8070	None	None	FFFF	FFFF	FFFF	0000	00	None
$00/$12	96BA	96EB	8C6A	8060	8070	None	None	FFFF	FFFF	FFFF	0000	00	None
$00/$12	96BA	96EB	8C76	8060	8070	None	None	FFFF	FFFF	FFFF	0000	00	None
$00/$12	96BA	96EB	AB34	8060	8060	Lava	Lava	0908	0908	0000	FF80	0B	VisibleLavaOrAcid
$00/$12	96BA	9705	default	8020	8020	Acid	Acid	08E8	08E8	0010	FF98	01	VisibleLavaOrAcid
$00/$12	96BA	9705	898E	8020	8020	Acid	Acid	08E8	08E8	0010	FF98	01	VisibleLavaOrAcid
$00/$12	96BA	9705	8B7A	8020	8020	Acid	Acid	08E8	08E8	0010	FF98	01	VisibleLavaOrAcid
$00/$12	96BA	9705	8C6A	8020	8020	Acid	Acid	08E8	08E8	0010	FF98	01	VisibleLavaOrAcid
$00/$12	96BA	9705	8C76	8020	8020	Acid	Acid	08E8	08E8	0010	FF98	01	VisibleLavaOrAcid
$00/$12	96BA	9705	AB34	8020	8020	Acid	Acid	08E8	08E8	0010	FF98	01	VisibleLavaOrAcid
$00/$13	975C	976D	default	819E	819E	Fog	Fog	FFFF	FFFF	FFFF	0000	00	NonLiquidFx
$00/$13	975C	976D	8B62	819E	819E	Fog	Fog	FFFF	FFFF	FFFF	0000	00	NonLiquidFx
$00/$13	975C	976D	8B92	819E	819E	Fog	Fog	FFFF	FFFF	FFFF	0000	00	NonLiquidFx
$00/$13	975C	9787	default	8080	8080	None	None	FFFF	FFFF	FFFF	0000	00	None
$00/$13	975C	9787	8B62	8080	8080	None	None	FFFF	FFFF	FFFF	0000	00	None
$00/$13	975C	9787	8B92	8080	8080	None	None	FFFF	FFFF	FFFF	0000	00	None
$00/$14	97B5	97C6	default	81AE	81AE	None	None	FFFF	FFFF	FFFF	0000	00	None
$00/$14	97B5	97C6	8B86	81AE	81AE	None	None	FFFF	FFFF	FFFF	0000	00	None
$00/$14	97B5	97C6	8EB6	81AE	81AE	None	None	FFFF	FFFF	FFFF	0000	00	None
$00/$14	97B5	97E0	default	8090	8090	None	None	FFFF	FFFF	FFFF	0000	00	None
$00/$14	97B5	97E0	8B86	8090	8090	None	None	FFFF	FFFF	FFFF	0000	00	None
$00/$14	97B5	97E0	8EB6	8090	8090	None	None	FFFF	FFFF	FFFF	0000	00	None
$00/$15	9804	981B	default	81BE	none	None	None	0000	0000	0000	0000	00	None
$00/$15	9804	981B	8BC2	81BE	none	None	None	0000	0000	0000	0000	00	None
$00/$15	9804	9835	default	81BE	none	None	None	0000	0000	0000	0000	00	None
$00/$15	9804	9835	8BC2	81BE	none	None	None	0000	0000	0000	0000	00	None
$00/$15	9804	984F	default	8030	8030	Acid	Acid	00F0	00F0	00B8	FFF0	00	VisibleLavaOrAcid
$00/$15	9804	984F	8BC2	8030	8030	Acid	Acid	00F0	00F0	00B8	FFF0	00	VisibleLavaOrAcid
$00/$16	9879	9890	default	81C0	none	None	None	0000	0000	0000	0000	00	None
$00/$16	9879	9890	8982	81C0	none	None	None	0000	0000	0000	0000	00	None
$00/$16	9879	9890	8BAA	81C0	none	None	None	0000	0000	0000	0000	00	None
$00/$16	9879	98AA	default	81C0	none	None	None	0000	0000	0000	0000	00	None
$00/$16	9879	98AA	8982	81C0	none	None	None	0000	0000	0000	0000	00	None
$00/$16	9879	98AA	8BAA	81C0	none	None	None	0000	0000	0000	0000	00	None
$00/$16	9879	98C4	default	8040	8040	None	None	FFFF	FFFF	FFFF	0000	00	None
$00/$16	9879	98C4	8982	8040	8040	None	None	FFFF	FFFF	FFFF	0000	00	None
$00/$16	9879	98C4	8BAA	8040	8040	None	None	FFFF	FFFF	FFFF	0000	00	None
$00/$17	98E2	98EF	default	81C2	none	None	None	0000	0000	0000	0000	00	None
$00/$17	98E2	98EF	8976	81C2	none	None	None	0000	0000	0000	0000	00	None
$00/$17	98E2	98EF	8C2E	81C2	none	None	None	0000	0000	0000	0000	00	None
$00/$18	990D	991A	default	81C2	none	None	None	0000	0000	0000	0000	00	None
$00/$18	990D	991A	895E	81C2	none	None	None	0000	0000	0000	0000	00	None
$00/$18	990D	991A	8C3A	81C2	none	None	None	0000	0000	0000	0000	00	None
$00/$19	9938	9945	default	81C2	none	None	None	0000	0000	0000	0000	00	None
$00/$19	9938	9945	8C22	81C2	none	None	None	0000	0000	0000	0000	00	None
$00/$19	9938	9945	8CA6	81C2	none	None	None	0000	0000	0000	0000	00	None
$00/$1A	9969	9976	default	81C2	none	None	None	0000	0000	0000	0000	00	None
$00/$1A	9969	9976	8BFE	81C2	none	None	None	0000	0000	0000	0000	00	None
$00/$1A	9969	9976	8C46	81C2	none	None	None	0000	0000	0000	0000	00	None
$00/$1B	9994	99A1	default	81C2	none	None	None	0000	0000	0000	0000	00	None
$00/$1B	9994	99A1	8BDA	81C2	none	None	None	0000	0000	0000	0000	00	None
$00/$1C	99BD	99CA	default	81C2	none	None	None	0000	0000	0000	0000	00	None
$00/$1C	99BD	99CA	8B1A	81C2	none	None	None	0000	0000	0000	0000	00	None
$00/$1C	99BD	99CA	8BE6	81C2	none	None	None	0000	0000	0000	0000	00	None
$00/$1C	99BD	99CA	8C16	81C2	none	None	None	0000	0000	0000	0000	00	None
$00/$1C	99BD	99CA	91E6	81C2	none	None	None	0000	0000	0000	0000	00	None
$00/$1D	99F9	9A06	default	81C4	81C4	Acid	Acid	07E0	07E0	FFFF	0000	40	VisibleLavaOrAcid
$00/$1D	99F9	9A06	8B4A	81C4	81C4	Acid	Acid	07E0	07E0	FFFF	0000	40	VisibleLavaOrAcid
$00/$1D	99F9	9A06	8B56	81C4	81C4	Acid	Acid	07E0	07E0	FFFF	0000	40	VisibleLavaOrAcid
$00/$1E	9A44	9A56	default	81D4	81D4	None	None	FFFF	FFFF	FFFF	0000	00	None
$00/$1E	9A44	9A56	89A6	81D4	81D4	None	None	FFFF	FFFF	FFFF	0000	00	None
$00/$1E	9A44	9A56	8C9A	81D4	81D4	None	None	FFFF	FFFF	FFFF	0000	00	None
$00/$1E	9A44	9A70	default	80A0	80A0	None	None	FFFF	FFFF	FFFF	0000	00	None
$00/$1E	9A44	9A70	89A6	80A0	80A0	None	None	FFFF	FFFF	FFFF	0000	00	None
$00/$1E	9A44	9A70	8C9A	80A0	80A0	None	None	FFFF	FFFF	FFFF	0000	00	None
$00/$1F	9A90	9AA2	default	81E4	81E4	None	None	FFFF	FFFF	FFFF	0000	00	None
$00/$1F	9A90	9AA2	8C82	81E4	81E4	None	None	FFFF	FFFF	FFFF	0000	00	None
$00/$1F	9A90	9ABC	default	80B0	80B0	None	None	FFFF	FFFF	FFFF	0000	00	None
$00/$1F	9A90	9ABC	8C82	80B0	80B0	None	None	FFFF	FFFF	FFFF	0000	00	None
$01/$00	9AD9	9AE6	default	8204	8204	None	None	FFFF	FFFF	FFFF	0000	00	None
$01/$00	9AD9	9AE6	8C0A	8204	8204	None	None	FFFF	FFFF	FFFF	0000	00	None
$01/$00	9AD9	9AE6	8CEE	8204	8204	None	None	FFFF	FFFF	FFFF	0000	00	None
$01/$00	9AD9	9AE6	8D06	8204	8204	None	None	FFFF	FFFF	FFFF	0000	00	None
$01/$00	9AD9	9AE6	8D42	8204	8204	None	None	FFFF	FFFF	FFFF	0000	00	None
$01/$00	9AD9	9AE6	8D4E	8204	8204	None	None	FFFF	FFFF	FFFF	0000	00	None
$01/$00	9AD9	9AE6	8D8A	8204	8204	None	None	FFFF	FFFF	FFFF	0000	00	None
$01/$00	9AD9	9AE6	8DA2	8204	8204	None	None	FFFF	FFFF	FFFF	0000	00	None
$01/$00	9AD9	9AE6	8F16	8204	8204	None	None	FFFF	FFFF	FFFF	0000	00	None
$01/$00	9AD9	9AE6	8F46	8204	8204	None	None	FFFF	FFFF	FFFF	0000	00	None
$01/$00	9AD9	9AE6	9006	8204	8204	None	None	FFFF	FFFF	FFFF	0000	00	None
$01/$01	9B5B	9B68	default	8214	8214	Spores	Spores	FFFF	FFFF	FFFF	0000	00	NonLiquidFx
$01/$01	9B5B	9B68	8E4A	8214	8214	Spores	Spores	FFFF	FFFF	FFFF	0000	00	NonLiquidFx
$01/$01	9B5B	9B68	8F76	8214	8214	Spores	Spores	FFFF	FFFF	FFFF	0000	00	NonLiquidFx
$01/$02	9B9D	9BAA	default	8224	none	None	None	0000	0000	0000	0000	00	None
$01/$02	9B9D	9BAA	8CB2	8224	none	None	None	0000	0000	0000	0000	00	None
$01/$02	9B9D	9BAA	8D72	8224	none	None	None	0000	0000	0000	0000	00	None
$01/$03	9BC8	9BD5	default	8226	none	None	None	0000	0000	0000	0000	00	None
$01/$03	9BC8	9BD5	8CD6	8226	none	None	None	0000	0000	0000	0000	00	None
$01/$03	9BC8	9BD5	8D66	8226	none	None	None	0000	0000	0000	0000	00	None
$01/$04	9C07	9C14	default	8228	none	None	None	0000	0000	0000	0000	00	None
$01/$04	9C07	9C14	8D5A	8228	none	None	None	0000	0000	0000	0000	00	None
$01/$05	9C35	9C42	default	822A	none	None	None	0000	0000	0000	0000	00	None
$01/$05	9C35	9C42	8D36	822A	none	None	None	0000	0000	0000	0000	00	None
$01/$06	9C5E	9C6B	default	822C	822C	Fireflea	Fireflea	FFFF	FFFF	FFFF	0000	00	NonLiquidFx
$01/$06	9C5E	9C6B	8CCA	822C	822C	Fireflea	Fireflea	FFFF	FFFF	FFFF	0000	00	NonLiquidFx
$01/$06	9C5E	9C6B	8D96	822C	822C	Fireflea	Fireflea	FFFF	FFFF	FFFF	0000	00	NonLiquidFx
$01/$07	9C89	9C96	default	823C	none	None	None	0000	0000	0000	0000	00	None
$01/$07	9C89	9C96	8D7E	823C	none	None	None	0000	0000	0000	0000	00	None
$01/$08	9CB3	9CC0	default	823E	823E	Spores	Spores	FFFF	FFFF	FFFF	0000	00	NonLiquidFx
$01/$08	9CB3	9CC0	8CE2	823E	823E	Spores	Spores	FFFF	FFFF	FFFF	0000	00	NonLiquidFx
$01/$08	9CB3	9CC0	8DD2	823E	823E	Spores	Spores	FFFF	FFFF	FFFF	0000	00	NonLiquidFx
$01/$08	9CB3	9CC0	8F6A	823E	823E	Spores	Spores	FFFF	FFFF	FFFF	0000	00	NonLiquidFx
$01/$09	9D19	9D26	default	824E	824E	Spores	Spores	FFFF	FFFF	FFFF	0000	00	NonLiquidFx
$01/$09	9D19	9D26	8DAE	824E	824E	Spores	Spores	FFFF	FFFF	FFFF	0000	00	NonLiquidFx
$01/$09	9D19	9D26	8E32	824E	824E	Spores	Spores	FFFF	FFFF	FFFF	0000	00	NonLiquidFx
$01/$09	9D19	9D26	8E62	824E	824E	Spores	Spores	FFFF	FFFF	FFFF	0000	00	NonLiquidFx
$01/$09	9D19	9D26	8E6E	824E	824E	Spores	Spores	FFFF	FFFF	FFFF	0000	00	NonLiquidFx
$01/$09	9D19	9D26	8E7A	824E	824E	Spores	Spores	FFFF	FFFF	FFFF	0000	00	NonLiquidFx
$01/$09	9D19	9D26	8F82	824E	824E	Spores	Spores	FFFF	FFFF	FFFF	0000	00	NonLiquidFx
$01/$09	9D19	9D26	8F8E	824E	824E	Spores	Spores	FFFF	FFFF	FFFF	0000	00	NonLiquidFx
$01/$09	9D19	9D26	8FB2	824E	824E	Spores	Spores	FFFF	FFFF	FFFF	0000	00	NonLiquidFx
$01/$09	9D19	9D26	8FD6	824E	824E	Spores	Spores	FFFF	FFFF	FFFF	0000	00	NonLiquidFx
$01/$0A	9D9C	9DA9	default	825E	825E	None	None	FFFF	FFFF	FFFF	0000	00	None
$01/$0A	9D9C	9DA9	8DC6	825E	825E	None	None	FFFF	FFFF	FFFF	0000	00	None
$01/$0A	9D9C	9DA9	8E56	825E	825E	None	None	FFFF	FFFF	FFFF	0000	00	None
$01/$0B	9DC7	9DD9	default	826E	826E	None	None	FFFF	FFFF	FFFF	0000	00	None
$01/$0B	9DC7	9DD9	8D2A	826E	826E	None	None	FFFF	FFFF	FFFF	0000	00	None
$01/$0B	9DC7	9DD9	8E3E	826E	826E	None	None	FFFF	FFFF	FFFF	0000	00	None
$01/$0B	9DC7	9DF3	default	826E	826E	None	None	FFFF	FFFF	FFFF	0000	00	None
$01/$0B	9DC7	9DF3	8D2A	826E	826E	None	None	FFFF	FFFF	FFFF	0000	00	None
$01/$0B	9DC7	9DF3	8E3E	826E	826E	None	None	FFFF	FFFF	FFFF	0000	00	None
$01/$0C	9E11	9E1E	default	827E	827E	None	None	FFFF	FFFF	FFFF	0000	00	None
$01/$0C	9E11	9E1E	8DDE	827E	827E	None	None	FFFF	FFFF	FFFF	0000	00	None
$01/$0C	9E11	9E1E	8E02	827E	827E	None	None	FFFF	FFFF	FFFF	0000	00	None
$01/$0D	9E52	9E5F	default	828E	none	None	None	0000	0000	0000	0000	00	None
$01/$0D	9E52	9E5F	8DEA	828E	none	None	None	0000	0000	0000	0000	00	None
$01/$0D	9E52	9E5F	8E9E	828E	none	None	None	0000	0000	0000	0000	00	None
$01/$0D	9E52	9E5F	8EFE	828E	none	None	None	0000	0000	0000	0000	00	None
$01/$0E	9E9F	9EB1	default	8290	8290	None	None	FFFF	FFFF	FFFF	0000	00	None
$01/$0E	9E9F	9EB1	8B9E	8290	8290	None	None	FFFF	FFFF	FFFF	0000	00	None
$01/$0E	9E9F	9EB1	8E86	8290	8290	None	None	FFFF	FFFF	FFFF	0000	00	None
$01/$0E	9E9F	9EB1	8EC2	8290	8290	None	None	FFFF	FFFF	FFFF	0000	00	None
$01/$0E	9E9F	9ECB	default	81F4	81F4	None	None	FFFF	FFFF	FFFF	0000	00	None
$01/$0E	9E9F	9ECB	8B9E	81F4	81F4	None	None	FFFF	FFFF	FFFF	0000	00	None
$01/$0E	9E9F	9ECB	8E86	81F4	81F4	None	None	FFFF	FFFF	FFFF	0000	00	None
$01/$0E	9E9F	9ECB	8EC2	81F4	81F4	None	None	FFFF	FFFF	FFFF	0000	00	None
$01/$0F	9F11	9F23	default	82A0	82A0	None	None	FFFF	FFFF	FFFF	0000	00	None
$01/$0F	9F11	9F23	8EAA	82A0	82A0	None	None	FFFF	FFFF	FFFF	0000	00	None
$01/$0F	9F11	9F23	8EE6	82A0	82A0	None	None	FFFF	FFFF	FFFF	0000	00	None
$01/$0F	9F11	9F23	8FA6	82A0	82A0	None	None	FFFF	FFFF	FFFF	0000	00	None
$01/$0F	9F11	9F3D	default	81F4	81F4	None	None	FFFF	FFFF	FFFF	0000	00	None
$01/$0F	9F11	9F3D	8EAA	81F4	81F4	None	None	FFFF	FFFF	FFFF	0000	00	None
$01/$0F	9F11	9F3D	8EE6	81F4	81F4	None	None	FFFF	FFFF	FFFF	0000	00	None
$01/$0F	9F11	9F3D	8FA6	81F4	81F4	None	None	FFFF	FFFF	FFFF	0000	00	None
$01/$10	9F64	9F76	default	82B0	82B0	None	None	FFFF	FFFF	FFFF	0000	00	None
$01/$10	9F64	9F76	8ECE	82B0	82B0	None	None	FFFF	FFFF	FFFF	0000	00	None
$01/$10	9F64	9F76	8FE2	82B0	82B0	None	None	FFFF	FFFF	FFFF	0000	00	None
$01/$10	9F64	9F90	default	81F4	81F4	None	None	FFFF	FFFF	FFFF	0000	00	None
$01/$10	9F64	9F90	8ECE	81F4	81F4	None	None	FFFF	FFFF	FFFF	0000	00	None
$01/$10	9F64	9F90	8FE2	81F4	81F4	None	None	FFFF	FFFF	FFFF	0000	00	None
$01/$11	9FBA	9FC7	default	82C0	82C0	None	None	FFFF	FFFF	FFFF	0000	00	None
$01/$11	9FBA	9FC7	8E92	82C0	82C0	None	None	FFFF	FFFF	FFFF	0000	00	None
$01/$11	9FBA	9FC7	902A	82C0	82C0	None	None	FFFF	FFFF	FFFF	0000	00	None
$01/$12	9FE5	9FF2	default	82D0	none	None	None	0000	0000	0000	0000	00	None
$01/$12	9FE5	9FF2	8CBE	82D0	none	None	None	0000	0000	0000	0000	00	None
$01/$12	9FE5	9FF2	8F2E	82D0	none	None	None	0000	0000	0000	0000	00	None
$01/$13	A011	A01E	default	82D2	82D2	None	None	FFFF	FFFF	FFFF	0000	00	None
$01/$13	A011	A01E	8CFA	82D2	82D2	None	None	FFFF	FFFF	FFFF	0000	00	None
$01/$13	A011	A01E	8F22	82D2	82D2	None	None	FFFF	FFFF	FFFF	0000	00	None
$01/$13	A011	A01E	8F5E	82D2	82D2	None	None	FFFF	FFFF	FFFF	0000	00	None
$01/$13	A011	A01E	9012	82D2	82D2	None	None	FFFF	FFFF	FFFF	0000	00	None
$01/$14	A051	A05E	default	82E2	82E2	None	None	FFFF	FFFF	FFFF	0000	00	None
$01/$14	A051	A05E	8F3A	82E2	82E2	None	None	FFFF	FFFF	FFFF	0000	00	None
$01/$15	A07B	A088	default	82F2	none	None	None	0000	0000	0000	0000	00	None
$01/$15	A07B	A088	8DBA	82F2	none	None	None	0000	0000	0000	0000	00	None
$01/$16	A0A4	A0B1	default	82F4	82F4	Spores	Spores	FFFF	FFFF	FFFF	0000	00	NonLiquidFx
$01/$16	A0A4	A0B1	8D1E	82F4	82F4	Spores	Spores	FFFF	FFFF	FFFF	0000	00	NonLiquidFx
$01/$16	A0A4	A0B1	8E26	82F4	82F4	Spores	Spores	FFFF	FFFF	FFFF	0000	00	NonLiquidFx
$01/$17	A0D2	A0DF	default	8304	8304	Water	Water	00A8	00A8	FFFF	0000	03	VisibleWater
$01/$17	A0D2	A0DF	8E0E	8304	8304	Water	Water	00A8	00A8	FFFF	0000	03	VisibleWater
$01/$18	A107	A114	default	8314	8314	None	None	FFFF	FFFF	FFFF	0000	00	None
$01/$18	A107	A114	8EDA	8314	8314	None	None	FFFF	FFFF	FFFF	0000	00	None
$01/$19	A130	A13D	default	8324	8324	None	None	FFFF	FFFF	FFFF	0000	00	None
$01/$19	A130	A13D	8E1A	8324	8324	None	None	FFFF	FFFF	FFFF	0000	00	None
$01/$19	A130	A13D	8FCA	8324	8324	None	None	FFFF	FFFF	FFFF	0000	00	None
$01/$1A	A15B	A168	default	8334	none	None	None	0000	0000	0000	0000	00	None
$01/$1A	A15B	A168	8FBE	8334	none	None	None	0000	0000	0000	0000	00	None
$01/$1B	A184	A191	default	8336	none	None	None	0000	0000	0000	0000	00	None
$01/$1B	A184	A191	8DF6	8336	none	None	None	0000	0000	0000	0000	00	None
$01/$1C	A1AD	A1BA	default	8338	8338	Water	Water	00B0	00B0	FFFF	0000	83	VisibleWater
$01/$1C	A1AD	A1BA	8EF2	8338	8338	Water	Water	00B0	00B0	FFFF	0000	83	VisibleWater
$01/$1C	A1AD	A1BA	8FFA	8338	8338	Water	Water	00B0	00B0	FFFF	0000	83	VisibleWater
$01/$1D	A1D8	A1E5	default	8348	none	None	None	0000	0000	0000	0000	00	None
$01/$1D	A1D8	A1E5	8FEE	8348	none	None	None	0000	0000	0000	0000	00	None
$01/$1E	A201	A20E	default	834A	none	None	None	0000	0000	0000	0000	00	None
$01/$1E	A201	A20E	8D12	834A	none	None	None	0000	0000	0000	0000	00	None
$01/$1F	A22A	A237	default	834C	none	None	None	0000	0000	0000	0000	00	None
$01/$1F	A22A	A237	8F52	834C	none	None	None	0000	0000	0000	0000	00	None
$01/$20	A253	A260	default	834E	834E	None	None	FFFF	FFFF	FFFF	0000	00	None
$01/$20	A253	A260	8F0A	834E	834E	None	None	FFFF	FFFF	FFFF	0000	00	None
$01/$20	A253	A260	9066	834E	834E	None	None	FFFF	FFFF	FFFF	0000	00	None
$01/$20	A253	A260	907E	834E	834E	None	None	FFFF	FFFF	FFFF	0000	00	None
$01/$20	A253	A260	90F6	834E	834E	None	None	FFFF	FFFF	FFFF	0000	00	None
$01/$20	A253	A260	91FE	834E	834E	None	None	FFFF	FFFF	FFFF	0000	00	None
$01/$21	A293	A2A0	default	835E	835E	Fireflea	Fireflea	FFFF	FFFF	FFFF	0000	00	NonLiquidFx
$01/$21	A293	A2A0	9036	835E	835E	Fireflea	Fireflea	FFFF	FFFF	FFFF	0000	00	NonLiquidFx
$01/$21	A293	A2A0	9072	835E	835E	Fireflea	Fireflea	FFFF	FFFF	FFFF	0000	00	NonLiquidFx
$01/$22	A2CE	A2DB	default	836E	none	None	None	0000	0000	0000	0000	00	None
$01/$22	A2CE	A2DB	905A	836E	none	None	None	0000	0000	0000	0000	00	None
$01/$23	A2F7	A304	default	8370	8370	None	None	FFFF	FFFF	FFFF	0000	00	None
$01/$23	A2F7	A304	901E	8370	8370	None	None	FFFF	FFFF	FFFF	0000	00	None
$01/$23	A2F7	A304	90AE	8370	8370	None	None	FFFF	FFFF	FFFF	0000	00	None
$01/$24	A322	A32F	default	8380	8380	None	None	FFFF	FFFF	FFFF	0000	00	None
$01/$24	A322	A32F	8B02	8380	8380	None	None	FFFF	FFFF	FFFF	0000	00	None
$01/$24	A322	A32F	908A	8380	8380	None	None	FFFF	FFFF	FFFF	0000	00	None
$01/$24	A322	A32F	90DE	8380	8380	None	None	FFFF	FFFF	FFFF	0000	00	None
$01/$24	A322	A32F	90EA	8380	8380	None	None	FFFF	FFFF	FFFF	0000	00	None
$01/$24	A322	A32F	926A	8380	8380	None	None	FFFF	FFFF	FFFF	0000	00	None
$01/$24	A322	A32F	A480	8380	8380	None	None	FFFF	FFFF	FFFF	0000	00	None
$01/$25	A37C	A389	default	8390	8390	None	None	FFFF	FFFF	FFFF	0000	00	None
$01/$25	A37C	A389	90A2	8390	8390	None	None	FFFF	FFFF	FFFF	0000	00	None
$01/$26	A3AE	A3BB	default	83A0	83A0	None	None	FFFF	FFFF	FFFF	0000	00	None
$01/$26	A3AE	A3BB	9096	83A0	83A0	None	None	FFFF	FFFF	FFFF	0000	00	None
$01/$27	A3DD	A3EA	default	83B0	83B0	Water	Water	00BE	00BE	FFFF	0000	03	VisibleWater
$01/$27	A3DD	A3EA	9042	83B0	83B0	Water	Water	00BE	00BE	FFFF	0000	03	VisibleWater
$01/$27	A3DD	A3EA	910E	83B0	83B0	Water	Water	00BE	00BE	FFFF	0000	03	VisibleWater
$01/$28	A408	A415	default	83C0	83C0	Water	Water	01BE	01BE	FFFF	0000	03	VisibleWater
$01/$28	A408	A415	9102	83C0	83C0	Water	Water	01BE	01BE	FFFF	0000	03	VisibleWater
$01/$28	A408	A415	9132	83C0	83C0	Water	Water	01BE	01BE	FFFF	0000	03	VisibleWater
$01/$28	A408	A415	A36C	83C0	83C0	Water	Water	01BE	01BE	FFFF	0000	03	VisibleWater
$01/$29	A447	A454	default	83D0	none	None	None	0000	0000	0000	0000	00	None
$01/$29	A447	A454	9126	83D0	none	None	None	0000	0000	0000	0000	00	None
$01/$2A	A471	A47E	default	83D2	83D2	None	None	FFFF	FFFF	FFFF	0000	00	None
$01/$2A	A471	A47E	9162	83D2	83D2	None	None	FFFF	FFFF	FFFF	0000	00	None
$01/$2A	A471	A47E	916E	83D2	83D2	None	None	FFFF	FFFF	FFFF	0000	00	None
$01/$2A	A471	A47E	923A	83D2	83D2	None	None	FFFF	FFFF	FFFF	0000	00	None
$01/$2B	A4B1	A4BE	default	83D2	83D2	None	None	FFFF	FFFF	FFFF	0000	00	None
$01/$2B	A4B1	A4BE	914A	83D2	83D2	None	None	FFFF	FFFF	FFFF	0000	00	None
$01/$2C	A4DA	A4E7	default	83D2	83D2	None	None	FFFF	FFFF	FFFF	0000	00	None
$01/$2C	A4DA	A4E7	9156	83D2	83D2	None	None	FFFF	FFFF	FFFF	0000	00	None
$01/$2C	A4DA	A4E7	9192	83D2	83D2	None	None	FFFF	FFFF	FFFF	0000	00	None
$01/$2C	A4DA	A4E7	925E	83D2	83D2	None	None	FFFF	FFFF	FFFF	0000	00	None
$01/$2D	A521	A533	default	83E2	83E2	None	None	FFFF	FFFF	FFFF	0000	00	None
$01/$2D	A521	A533	917A	83E2	83E2	None	None	FFFF	FFFF	FFFF	0000	00	None
$01/$2D	A521	A533	91AA	83E2	83E2	None	None	FFFF	FFFF	FFFF	0000	00	None
$01/$2D	A521	A54D	default	83E2	83E2	None	None	FFFF	FFFF	FFFF	0000	00	None
$01/$2D	A521	A54D	917A	83E2	83E2	None	None	FFFF	FFFF	FFFF	0000	00	None
$01/$2D	A521	A54D	91AA	83E2	83E2	None	None	FFFF	FFFF	FFFF	0000	00	None
$01/$2E	A56B	A578	default	83F2	none	None	None	0000	0000	0000	0000	00	None
$01/$2E	A56B	A578	919E	83F2	none	None	None	0000	0000	0000	0000	00	None
$01/$2E	A56B	A578	91CE	83F2	none	None	None	0000	0000	0000	0000	00	None
$01/$2E	A56B	A578	920A	83F2	none	None	None	0000	0000	0000	0000	00	None
$01/$2F	A59F	A5B1	default	83F4	none	None	None	0000	0000	0000	0000	00	None
$01/$2F	A59F	A5B1	91B6	83F4	none	None	None	0000	0000	0000	0000	00	None
$01/$2F	A59F	A5B1	9252	83F4	none	None	None	0000	0000	0000	0000	00	None
$01/$2F	A59F	A5CB	default	83F4	none	None	None	0000	0000	0000	0000	00	None
$01/$2F	A59F	A5CB	91B6	83F4	none	None	None	0000	0000	0000	0000	00	None
$01/$2F	A59F	A5CB	9252	83F4	none	None	None	0000	0000	0000	0000	00	None
$00/$30	A5ED	A5FA	default	83F6	83F6	Fog	Fog	FFFF	FFFF	FFFF	0000	00	NonLiquidFx
$00/$30	A5ED	A5FA	8C52	83F6	83F6	Fog	Fog	FFFF	FFFF	FFFF	0000	00	NonLiquidFx
$00/$30	A5ED	A5FA	9216	83F6	83F6	Fog	Fog	FFFF	FFFF	FFFF	0000	00	NonLiquidFx
$01/$31	A618	A625	default	8406	none	None	None	0000	0000	0000	0000	00	None
$01/$31	A618	A625	904E	8406	none	None	None	0000	0000	0000	0000	00	None
$01/$32	A641	A64E	default	8408	none	None	None	0000	0000	0000	0000	00	None
$01/$32	A641	A64E	8F9A	8408	none	None	None	0000	0000	0000	0000	00	None
$01/$32	A641	A64E	91C2	8408	none	None	None	0000	0000	0000	0000	00	None
$00/$33	A66A	A677	default	840A	840A	TourianEntranceStatue	TourianEntranceStatue	00B0	00B0	01FF	0000	01	NonLiquidFx
$00/$33	A66A	A677	91F2	840A	840A	TourianEntranceStatue	TourianEntranceStatue	00B0	00B0	01FF	0000	01	NonLiquidFx
$00/$33	A66A	A677	A990	840A	840A	TourianEntranceStatue	TourianEntranceStatue	00B0	00B0	01FF	0000	01	NonLiquidFx
$01/$34	A6A1	A6AE	default	841A	841A	None	None	FFFF	FFFF	FFFF	0000	00	None
$01/$34	A6A1	A6AE	913E	841A	841A	None	None	FFFF	FFFF	FFFF	0000	00	None
$01/$34	A6A1	A6AE	92EE	841A	841A	None	None	FFFF	FFFF	FFFF	0000	00	None
$01/$34	A6A1	A6AE	A384	841A	841A	None	None	FFFF	FFFF	FFFF	0000	00	None
$01/$35	A6E2	A6EF	default	842A	none	None	None	0000	0000	0000	0000	00	None
$01/$35	A6E2	A6EF	91DA	842A	none	None	None	0000	0000	0000	0000	00	None
$01/$36	A70B	A718	default	842C	none	None	None	0000	0000	0000	0000	00	None
$01/$36	A70B	A718	9186	842C	none	None	None	0000	0000	0000	0000	00	None
$01/$37	A734	A741	default	842E	none	None	None	0000	0000	0000	0000	00	None
$01/$37	A734	A741	90D2	842E	none	None	None	0000	0000	0000	0000	00	None
$02/$00	A75D	A76A	default	8430	8430	Lava	Lava	00B8	00B8	FFFF	0000	0B	VisibleLavaOrAcid
$02/$00	A75D	A76A	931E	8430	8430	Lava	Lava	00B8	00B8	FFFF	0000	0B	VisibleLavaOrAcid
$02/$00	A75D	A76A	9366	8430	8430	Lava	Lava	00B8	00B8	FFFF	0000	0B	VisibleLavaOrAcid
$02/$01	A788	A795	default	8440	8440	Lava	Lava	01B1	01B1	FFFF	0000	0B	VisibleLavaOrAcid
$02/$01	A788	A795	92B2	8440	8440	Lava	Lava	01B1	01B1	FFFF	0000	0B	VisibleLavaOrAcid
$02/$01	A788	A795	9732	8440	8440	Lava	Lava	01B1	01B1	FFFF	0000	0B	VisibleLavaOrAcid
$02/$02	A7B3	A7C0	default	8450	8450	Lava	Lava	01D0	01D0	FFFF	0000	0B	VisibleLavaOrAcid
$02/$02	A7B3	A7C0	928E	8450	8450	Lava	Lava	01D0	01D0	FFFF	0000	0B	VisibleLavaOrAcid
$02/$02	A7B3	A7C0	92CA	8450	8450	Lava	Lava	01D0	01D0	FFFF	0000	0B	VisibleLavaOrAcid
$02/$03	A7DE	A7EB	default	8460	8460	Lava	Lava	FFFF	FFFF	FFFF	0000	00	HiddenLavaOrAcid
$02/$03	A7DE	A7EB	9246	8460	8460	Lava	Lava	FFFF	FFFF	FFFF	0000	00	HiddenLavaOrAcid
$02/$03	A7DE	A7EB	92A6	8460	8460	Lava	Lava	FFFF	FFFF	FFFF	0000	00	HiddenLavaOrAcid
$02/$03	A7DE	A7EB	932A	8460	8460	Lava	Lava	FFFF	FFFF	FFFF	0000	00	HiddenLavaOrAcid
$02/$03	A7DE	A7EB	9402	8460	8460	Lava	Lava	FFFF	FFFF	FFFF	0000	00	HiddenLavaOrAcid
$02/$03	A7DE	A7EB	941A	8460	8460	Lava	Lava	FFFF	FFFF	FFFF	0000	00	HiddenLavaOrAcid
$02/$03	A7DE	A7EB	97C2	8460	8460	Lava	Lava	FFFF	FFFF	FFFF	0000	00	HiddenLavaOrAcid
$02/$03	A7DE	A7EB	9816	8460	8460	Lava	Lava	FFFF	FFFF	FFFF	0000	00	HiddenLavaOrAcid
$02/$04	A815	A822	default	8470	8470	None	None	FFFF	FFFF	FFFF	0000	00	None
$02/$04	A815	A822	9276	8470	8470	None	None	FFFF	FFFF	FFFF	0000	00	None
$02/$04	A815	A822	92BE	8470	8470	None	None	FFFF	FFFF	FFFF	0000	00	None
$02/$04	A815	A822	934E	8470	8470	None	None	FFFF	FFFF	FFFF	0000	00	None
$02/$04	A815	A822	938A	8470	8470	None	None	FFFF	FFFF	FFFF	0000	00	None
$02/$05	A865	A872	default	8480	8480	Lava	Lava	00B2	00B2	FFFF	0000	0B	VisibleLavaOrAcid
$02/$05	A865	A872	9312	8480	8480	Lava	Lava	00B2	00B2	FFFF	0000	0B	VisibleLavaOrAcid
$02/$05	A865	A872	9372	8480	8480	Lava	Lava	00B2	00B2	FFFF	0000	0B	VisibleLavaOrAcid
$02/$06	A890	A89D	default	8490	8490	Lava	Lava	FFFF	FFFF	FFFF	0000	00	HiddenLavaOrAcid
$02/$06	A890	A89D	937E	8490	8490	Lava	Lava	FFFF	FFFF	FFFF	0000	00	HiddenLavaOrAcid
$02/$07	A8B9	A8C6	default	84A0	84A0	Lava	Lava	02B8	02B8	FFFF	0000	03	VisibleLavaOrAcid
$02/$07	A8B9	A8C6	9282	84A0	84A0	Lava	Lava	02B8	02B8	FFFF	0000	03	VisibleLavaOrAcid
$02/$07	A8B9	A8C6	9342	84A0	84A0	Lava	Lava	02B8	02B8	FFFF	0000	03	VisibleLavaOrAcid
$02/$07	A8B9	A8C6	935A	84A0	84A0	Lava	Lava	02B8	02B8	FFFF	0000	03	VisibleLavaOrAcid
$02/$08	A8F8	A905	default	84B0	84B0	Lava	Lava	FFFF	FFFF	FFFF	0000	03	HiddenLavaOrAcid
$02/$08	A8F8	A905	9336	84B0	84B0	Lava	Lava	FFFF	FFFF	FFFF	0000	03	HiddenLavaOrAcid
$02/$08	A8F8	A905	93A2	84B0	84B0	Lava	Lava	FFFF	FFFF	FFFF	0000	03	HiddenLavaOrAcid
$02/$09	A923	A930	default	84C0	84C0	Lava	Lava	FFFF	FFFF	FFFF	0000	0B	HiddenLavaOrAcid
$02/$09	A923	A930	9396	84C0	84C0	Lava	Lava	FFFF	FFFF	FFFF	0000	0B	HiddenLavaOrAcid
$02/$09	A923	A930	93EA	84C0	84C0	Lava	Lava	FFFF	FFFF	FFFF	0000	0B	HiddenLavaOrAcid
$02/$09	A923	A930	940E	84C0	84C0	Lava	Lava	FFFF	FFFF	FFFF	0000	0B	HiddenLavaOrAcid
$02/$09	A923	A930	974A	84C0	84C0	Lava	Lava	FFFF	FFFF	FFFF	0000	0B	HiddenLavaOrAcid
$02/$09	A923	A930	9822	84C0	84C0	Lava	Lava	FFFF	FFFF	FFFF	0000	0B	HiddenLavaOrAcid
$02/$0A	A98D	A99F	default	84D0	84D0	Acid	Acid	00C6	00C6	FFFF	0000	81	VisibleLavaOrAcid
$02/$0A	A98D	A99F	93D2	84D0	84D0	Acid	Acid	00C6	00C6	FFFF	0000	81	VisibleLavaOrAcid
$02/$0A	A98D	A99F	9432	84D0	84D0	Acid	Acid	00C6	00C6	FFFF	0000	81	VisibleLavaOrAcid
$02/$0A	A98D	A9B9	default	84D0	84D0	Acid	Acid	00C6	00C6	FFFF	0000	81	VisibleLavaOrAcid
$02/$0A	A98D	A9B9	93D2	84D0	84D0	Acid	Acid	00C6	00C6	FFFF	0000	81	VisibleLavaOrAcid
$02/$0A	A98D	A9B9	9432	84D0	84D0	Acid	Acid	00C6	00C6	FFFF	0000	81	VisibleLavaOrAcid
$02/$0B	A9E5	A9F2	default	84E0	84E0	Lava	Lava	FFFF	FFFF	FFFF	0000	01	HiddenLavaOrAcid
$02/$0B	A9E5	A9F2	9426	84E0	84E0	Lava	Lava	FFFF	FFFF	FFFF	0000	01	HiddenLavaOrAcid
$02/$0C	AA0E	AA1B	default	84F0	84F0	Lava	Lava	01B8	01B8	FFFF	0000	0B	VisibleLavaOrAcid
$02/$0C	AA0E	AA1B	92E2	84F0	84F0	Lava	Lava	01B8	01B8	FFFF	0000	0B	VisibleLavaOrAcid
$02/$0C	AA0E	AA1B	93AE	84F0	84F0	Lava	Lava	01B8	01B8	FFFF	0000	0B	VisibleLavaOrAcid
$02/$0D	AA41	AA4E	default	8500	8500	Lava	Lava	FFFF	FFFF	FFFF	0000	01	HiddenLavaOrAcid
$02/$0D	AA41	AA4E	92D6	8500	8500	Lava	Lava	FFFF	FFFF	FFFF	0000	01	HiddenLavaOrAcid
$02/$0D	AA41	AA4E	93F6	8500	8500	Lava	Lava	FFFF	FFFF	FFFF	0000	01	HiddenLavaOrAcid
$02/$0E	AA82	AA8F	default	8510	8510	None	None	FFFF	FFFF	FFFF	0000	03	None
$02/$0E	AA82	AA8F	93DE	8510	8510	None	None	FFFF	FFFF	FFFF	0000	03	None
$02/$0E	AA82	AA8F	9462	8510	8510	None	None	FFFF	FFFF	FFFF	0000	03	None
$02/$0E	AA82	AA8F	946E	8510	8510	None	None	FFFF	FFFF	FFFF	0000	03	None
$02/$0E	AA82	AA8F	947A	8510	8510	None	None	FFFF	FFFF	FFFF	0000	03	None
$02/$0F	AAB5	AAC2	default	8520	8520	Lava	Lava	FFFF	FFFF	FFFF	0000	01	HiddenLavaOrAcid
$02/$0F	AAB5	AAC2	9456	8520	8520	Lava	Lava	FFFF	FFFF	FFFF	0000	01	HiddenLavaOrAcid
$02/$10	AADE	AAEB	default	8530	8530	Lava	Lava	FFFF	FFFF	FFFF	0000	03	HiddenLavaOrAcid
$02/$10	AADE	AAEB	943E	8530	8530	Lava	Lava	FFFF	FFFF	FFFF	0000	03	HiddenLavaOrAcid
$02/$11	AB07	AB14	default	8540	8540	None	None	FFFF	FFFF	FFFF	0000	00	None
$02/$11	AB07	AB14	944A	8540	8540	None	None	FFFF	FFFF	FFFF	0000	00	None
$02/$11	AB07	AB14	94AA	8540	8540	None	None	FFFF	FFFF	FFFF	0000	00	None
$02/$11	AB07	AB14	94C2	8540	8540	None	None	FFFF	FFFF	FFFF	0000	00	None
$02/$11	AB07	AB14	94CE	8540	8540	None	None	FFFF	FFFF	FFFF	0000	00	None
$02/$12	AB3B	AB48	default	8550	8550	Acid	Acid	00C8	00C8	FFFF	0000	41	VisibleLavaOrAcid
$02/$12	AB3B	AB48	9492	8550	8550	Acid	Acid	00C8	00C8	FFFF	0000	41	VisibleLavaOrAcid
$02/$13	AB64	AB71	default	8560	8560	Water	Water	00B8	00B8	FFFF	0000	83	VisibleWater
$02/$13	AB64	AB71	9486	8560	8560	Water	Water	00B8	00B8	FFFF	0000	83	VisibleWater
$02/$13	AB64	AB71	94F2	8560	8560	Water	Water	00B8	00B8	FFFF	0000	83	VisibleWater
$02/$14	AB8F	AB9C	default	8570	8570	Acid	Acid	02B4	02B4	FFFF	0000	80	VisibleLavaOrAcid
$02/$14	AB8F	AB9C	949E	8570	8570	Acid	Acid	02B4	02B4	FFFF	0000	80	VisibleLavaOrAcid
$02/$14	AB8F	AB9C	9516	8570	8570	Acid	Acid	02B4	02B4	FFFF	0000	80	VisibleLavaOrAcid
$02/$15	ABD2	ABDF	default	8580	8580	None	None	FFFF	FFFF	FFFF	0000	00	None
$02/$15	ABD2	ABDF	94B6	8580	8580	None	None	FFFF	FFFF	FFFF	0000	00	None
$02/$15	ABD2	ABDF	950A	8580	8580	None	None	FFFF	FFFF	FFFF	0000	00	None
$02/$16	AC00	AC0D	default	8590	8590	Water	Water	00C0	00C0	FFFF	0000	83	VisibleWater
$02/$16	AC00	AC0D	94E6	8590	8590	Water	Water	00C0	00C0	FFFF	0000	83	VisibleWater
$02/$16	AC00	AC0D	9522	8590	8590	Water	Water	00C0	00C0	FFFF	0000	83	VisibleWater
$02/$17	AC2B	AC38	default	85A0	85A0	None	None	FFFF	FFFF	FFFF	0000	00	None
$02/$17	AC2B	AC38	94DA	85A0	85A0	None	None	FFFF	FFFF	FFFF	0000	00	None
$02/$17	AC2B	AC38	94FE	85A0	85A0	None	None	FFFF	FFFF	FFFF	0000	00	None
$02/$18	AC5A	AC67	default	85B0	85B0	Lava	Lava	00C7	00C7	FFFF	0000	0B	VisibleLavaOrAcid
$02/$18	AC5A	AC67	9546	85B0	85B0	Lava	Lava	00C7	00C7	FFFF	0000	0B	VisibleLavaOrAcid
$02/$19	AC83	AC90	default	85C0	85C0	Lava	Lava	00C6	00C6	FFFF	0000	0B	VisibleLavaOrAcid
$02/$19	AC83	AC90	952E	85C0	85C0	Lava	Lava	00C6	00C6	FFFF	0000	0B	VisibleLavaOrAcid
$02/$19	AC83	AC90	9552	85C0	85C0	Lava	Lava	00C6	00C6	FFFF	0000	0B	VisibleLavaOrAcid
$02/$1A	ACB3	ACC0	default	85D0	85D0	Lava	Lava	FFFF	FFFF	FFFF	0000	03	HiddenLavaOrAcid
$02/$1A	ACB3	ACC0	953A	85D0	85D0	Lava	Lava	FFFF	FFFF	FFFF	0000	03	HiddenLavaOrAcid
$02/$1A	ACB3	ACC0	95CA	85D0	85D0	Lava	Lava	FFFF	FFFF	FFFF	0000	03	HiddenLavaOrAcid
$02/$1A	ACB3	ACC0	96AE	85D0	85D0	Lava	Lava	FFFF	FFFF	FFFF	0000	03	HiddenLavaOrAcid
$02/$1A	ACB3	ACC0	971A	85D0	85D0	Lava	Lava	FFFF	FFFF	FFFF	0000	03	HiddenLavaOrAcid
$02/$1A	ACB3	ACC0	973E	85D0	85D0	Lava	Lava	FFFF	FFFF	FFFF	0000	03	HiddenLavaOrAcid
$02/$1A	ACB3	ACC0	97AA	85D0	85D0	Lava	Lava	FFFF	FFFF	FFFF	0000	03	HiddenLavaOrAcid
$02/$1A	ACB3	ACC0	97CE	85D0	85D0	Lava	Lava	FFFF	FFFF	FFFF	0000	03	HiddenLavaOrAcid
$02/$1B	ACF0	ACFD	default	85E0	85F0	Lava	Lava	01DA	01DA	FFFF	0000	0B	VisibleLavaOrAcid
$02/$1B	ACF0	ACFD	95BE	85E0	85E0	Lava	Lava	01DA	01DA	00B0	0000	0B	VisibleLavaOrAcid
$02/$1B	ACF0	ACFD	97B6	85E0	85F0	Lava	Lava	01DA	01DA	FFFF	0000	0B	VisibleLavaOrAcid
$02/$1C	AD1B	AD28	default	8600	8600	Lava	Lava	00DA	00DA	0000	0000	0B	VisibleLavaOrAcid
$02/$1C	AD1B	AD28	95B2	8600	8600	Lava	Lava	00DA	00DA	0000	0000	0B	VisibleLavaOrAcid
$02/$1D	AD5E	AD6B	default	8610	8610	Lava	Lava	FFFF	FFFF	FFFF	0000	03	HiddenLavaOrAcid
$02/$1D	AD5E	AD6B	9582	8610	8610	Lava	Lava	FFFF	FFFF	FFFF	0000	03	HiddenLavaOrAcid
$02/$1D	AD5E	AD6B	9606	8610	8610	Lava	Lava	FFFF	FFFF	FFFF	0000	03	HiddenLavaOrAcid
$02/$1D	AD5E	AD6B	9612	8610	8610	Lava	Lava	FFFF	FFFF	FFFF	0000	03	HiddenLavaOrAcid
$02/$1D	AD5E	AD6B	9636	8610	8610	Lava	Lava	FFFF	FFFF	FFFF	0000	03	HiddenLavaOrAcid
$02/$1D	AD5E	AD6B	9A4A	8610	8610	Lava	Lava	FFFF	FFFF	FFFF	0000	03	HiddenLavaOrAcid
$02/$1E	ADAD	ADBA	default	8620	8620	Lava	Lava	FFFF	FFFF	FFFF	0000	03	HiddenLavaOrAcid
$02/$1E	ADAD	ADBA	95D6	8620	8620	Lava	Lava	FFFF	FFFF	FFFF	0000	03	HiddenLavaOrAcid
$02/$1E	ADAD	ADBA	95E2	8620	8620	Lava	Lava	FFFF	FFFF	FFFF	0000	03	HiddenLavaOrAcid
$02/$1E	ADAD	ADBA	962A	8620	8620	Lava	Lava	FFFF	FFFF	FFFF	0000	03	HiddenLavaOrAcid
$02/$1F	ADDE	ADEB	default	8630	8630	Lava	Lava	FFFF	FFFF	FFFF	0000	01	HiddenLavaOrAcid
$02/$1F	ADDE	ADEB	961E	8630	8630	Lava	Lava	FFFF	FFFF	FFFF	0000	01	HiddenLavaOrAcid
$02/$20	AE07	AE14	default	8640	8640	Lava	Lava	00C0	00C0	FFFF	0000	03	VisibleLavaOrAcid
$02/$20	AE07	AE14	95EE	8640	8640	Lava	Lava	00C0	00C0	FFFF	0000	03	VisibleLavaOrAcid
$02/$20	AE07	AE14	964E	8640	8640	Lava	Lava	00C0	00C0	FFFF	0000	03	VisibleLavaOrAcid
$02/$21	AE32	AE3F	default	8650	8660	Lava	Lava	0268	0268	FFFF	0000	01	VisibleLavaOrAcid
$02/$21	AE32	AE3F	9642	8650	8660	Lava	Lava	0268	0268	FFFF	0000	01	VisibleLavaOrAcid
$02/$21	AE32	AE3F	9672	8650	8650	Lava	Lava	02E0	02E0	0260	FFF6	0B	VisibleLavaOrAcid
$02/$22	AE74	AE81	default	8670	8670	Lava	Lava	02D4	02D4	FFFF	0000	0B	VisibleLavaOrAcid
$02/$22	AE74	AE81	965A	8670	8670	Lava	Lava	02D4	02D4	FFFF	0000	0B	VisibleLavaOrAcid
$02/$22	AE74	AE81	96A2	8670	8670	Lava	Lava	02D4	02D4	FFFF	0000	0B	VisibleLavaOrAcid
$02/$22	AE74	AE81	96D2	8670	8670	Lava	Lava	02D4	02D4	FFFF	0000	0B	VisibleLavaOrAcid
$02/$22	AE74	AE81	977A	8670	8670	Lava	Lava	02D4	02D4	FFFF	0000	0B	VisibleLavaOrAcid
$02/$23	AEB4	AEC1	default	8680	8680	Lava	Lava	00BE	00BE	FFFF	0000	0B	VisibleLavaOrAcid
$02/$23	AEB4	AEC1	9666	8680	8680	Lava	Lava	00BE	00BE	FFFF	0000	0B	VisibleLavaOrAcid
$02/$23	AEB4	AEC1	96BA	8680	8680	Lava	Lava	00BE	00BE	FFFF	0000	0B	VisibleLavaOrAcid
$02/$24	AEDF	AEEC	default	8690	8690	Lava	Lava	FFFF	FFFF	FFFF	0000	03	HiddenLavaOrAcid
$02/$24	AEDF	AEEC	9576	8690	8690	Lava	Lava	FFFF	FFFF	FFFF	0000	03	HiddenLavaOrAcid
$02/$24	AEDF	AEEC	9696	8690	8690	Lava	Lava	FFFF	FFFF	FFFF	0000	03	HiddenLavaOrAcid
$02/$24	AEDF	AEEC	979E	8690	8690	Lava	Lava	FFFF	FFFF	FFFF	0000	03	HiddenLavaOrAcid
$02/$25	AF14	AF21	default	86A0	86A0	Lava	Lava	00D0	00D0	FFFF	0000	0B	VisibleLavaOrAcid
$02/$25	AF14	AF21	967E	86A0	86A0	Lava	Lava	00D0	00D0	FFFF	0000	0B	VisibleLavaOrAcid
$02/$25	AF14	AF21	96EA	86A0	86A0	Lava	Lava	00D0	00D0	FFFF	0000	0B	VisibleLavaOrAcid
$02/$26	AF3F	AF4C	default	86B0	86B0	Lava	Lava	FFFF	FFFF	FFFF	0000	03	HiddenLavaOrAcid
$02/$26	AF3F	AF4C	96DE	86B0	86B0	Lava	Lava	FFFF	FFFF	FFFF	0000	03	HiddenLavaOrAcid
$02/$26	AF3F	AF4C	982E	86B0	86B0	Lava	Lava	FFFF	FFFF	FFFF	0000	03	HiddenLavaOrAcid
$02/$26	AF3F	AF4C	986A	86B0	86B0	Lava	Lava	FFFF	FFFF	FFFF	0000	03	HiddenLavaOrAcid
$02/$27	AF72	AF7F	default	86C0	86C0	Lava	Lava	01C0	01C0	FFFF	0000	0B	VisibleLavaOrAcid
$02/$27	AF72	AF7F	956A	86C0	86C0	Lava	Lava	01C0	01C0	FFFF	0000	0B	VisibleLavaOrAcid
$02/$27	AF72	AF7F	97E6	86C0	86C0	Lava	Lava	01C0	01C0	FFFF	0000	0B	VisibleLavaOrAcid
$02/$27	AF72	AF7F	97F2	86C0	86C0	Lava	Lava	01C0	01C0	FFFF	0000	0B	VisibleLavaOrAcid
$02/$28	AFA3	AFB0	default	86D0	86E0	Lava	Lava	00C8	00C8	FFFF	0000	0B	VisibleLavaOrAcid
$02/$28	AFA3	AFB0	929A	86D0	86D0	Lava	Lava	0108	0108	00C0	FFE0	0B	VisibleLavaOrAcid
$02/$28	AFA3	AFB0	955E	86D0	86E0	Lava	Lava	00C8	00C8	FFFF	0000	0B	VisibleLavaOrAcid
$02/$29	AFCE	AFDB	default	86F0	86F0	Lava	Lava	00C5	00C5	FFFF	0000	0B	VisibleLavaOrAcid
$02/$29	AFCE	AFDB	93C6	86F0	86F0	Lava	Lava	00C5	00C5	FFFF	0000	0B	VisibleLavaOrAcid
$02/$29	AFCE	AFDB	9786	86F0	86F0	Lava	Lava	00C5	00C5	FFFF	0000	0B	VisibleLavaOrAcid
$02/$29	AFCE	AFDB	97FE	86F0	86F0	Lava	Lava	00C5	00C5	FFFF	0000	0B	VisibleLavaOrAcid
$02/$2A	AFFB	B008	default	8700	8700	Lava	Lava	00C6	00C6	FFFF	0000	03	VisibleLavaOrAcid
$02/$2A	AFFB	B008	968A	8700	8700	Lava	Lava	00C6	00C6	FFFF	0000	03	VisibleLavaOrAcid
$02/$2A	AFFB	B008	9792	8700	8700	Lava	Lava	00C6	00C6	FFFF	0000	03	VisibleLavaOrAcid
$02/$2B	B026	B033	default	8710	8710	Lava	Lava	FFFF	FFFF	FFFF	0000	01	HiddenLavaOrAcid
$02/$2B	B026	B033	9756	8710	8710	Lava	Lava	FFFF	FFFF	FFFF	0000	01	HiddenLavaOrAcid
$02/$2B	B026	B033	976E	8710	8710	Lava	Lava	FFFF	FFFF	FFFF	0000	01	HiddenLavaOrAcid
$02/$2C	B051	B05E	default	8720	8720	Lava	Lava	FFFF	FFFF	FFFF	0000	03	HiddenLavaOrAcid
$02/$2C	B051	B05E	96C6	8720	8720	Lava	Lava	FFFF	FFFF	FFFF	0000	03	HiddenLavaOrAcid
$02/$2D	B07A	B087	default	8730	8730	Lava	Lava	01B4	01B4	FFFF	0000	03	VisibleLavaOrAcid
$02/$2D	B07A	B087	958E	8730	8730	Lava	Lava	01B4	01B4	FFFF	0000	03	VisibleLavaOrAcid
$02/$2D	B07A	B087	95A6	8730	8730	Lava	Lava	01B4	01B4	FFFF	0000	03	VisibleLavaOrAcid
$02/$2E	B0B4	B0C1	default	8740	8740	Lava	Lava	FFFF	FFFF	FFFF	0000	01	HiddenLavaOrAcid
$02/$2E	B0B4	B0C1	9306	8740	8740	Lava	Lava	FFFF	FFFF	FFFF	0000	01	HiddenLavaOrAcid
$02/$2F	B0DD	B0EA	default	8750	8750	Lava	Lava	FFFF	FFFF	FFFF	0000	01	HiddenLavaOrAcid
$02/$2F	B0DD	B0EA	959A	8750	8750	Lava	Lava	FFFF	FFFF	FFFF	0000	01	HiddenLavaOrAcid
$02/$30	B106	B113	default	8760	none	None	None	0000	0000	0000	0000	00	None
$02/$30	B106	B113	970E	8760	none	None	None	0000	0000	0000	0000	00	None
$02/$30	B106	B113	980A	8760	none	None	None	0000	0000	0000	0000	00	None
$02/$31	B139	B146	default	8762	none	None	None	0000	0000	0000	0000	00	None
$02/$31	B139	B146	9726	8762	none	None	None	0000	0000	0000	0000	00	None
$02/$31	B139	B146	9762	8762	none	None	None	0000	0000	0000	0000	00	None
$02/$32	B167	B174	default	8764	none	None	None	0000	0000	0000	0000	00	None
$02/$32	B167	B174	92FA	8764	none	None	None	0000	0000	0000	0000	00	None
$02/$32	B167	B174	97DA	8764	none	None	None	0000	0000	0000	0000	00	None
$02/$33	B192	B19F	default	8766	none	None	None	0000	0000	0000	0000	00	None
$02/$33	B192	B19F	93BA	8766	none	None	None	0000	0000	0000	0000	00	None
$02/$34	B1BB	B1C8	default	8768	none	None	None	0000	0000	0000	0000	00	None
$02/$34	B1BB	B1C8	9702	8768	none	None	None	0000	0000	0000	0000	00	None
$02/$35	B1E5	B1F2	default	876A	877A	Acid	Acid	00C8	00C8	02D2	0000	02	VisibleLavaOrAcid
$02/$35	B1E5	B1F2	9852	876A	877A	Acid	Acid	00C8	00C8	02D2	0000	02	VisibleLavaOrAcid
$02/$35	B1E5	B1F2	9876	876A	876A	Acid	Acid	02D2	02D2	FFFF	0000	82	VisibleLavaOrAcid
$02/$36	B236	B243	default	878A	878A	Acid	Acid	02C1	02C1	FFFF	0000	82	VisibleLavaOrAcid
$02/$36	B236	B243	96F6	878A	878A	Acid	Acid	02C1	02C1	FFFF	0000	82	VisibleLavaOrAcid
$02/$36	B236	B243	9846	878A	878A	Acid	Acid	02C1	02C1	FFFF	0000	82	VisibleLavaOrAcid
$02/$36	B236	B243	98E2	878A	878A	Acid	Acid	02C1	02C1	FFFF	0000	82	VisibleLavaOrAcid
$02/$36	B236	B243	98FA	878A	878A	Acid	Acid	02C1	02C1	FFFF	0000	82	VisibleLavaOrAcid
$02/$37	B283	B295	default	879A	879A	Acid	Acid	02C6	02C6	FFFF	0000	82	VisibleLavaOrAcid
$02/$37	B283	B295	983A	879A	879A	Acid	Acid	02C6	02C6	FFFF	0000	82	VisibleLavaOrAcid
$02/$37	B283	B295	9A86	879A	879A	Acid	Acid	02C6	02C6	FFFF	0000	82	VisibleLavaOrAcid
$02/$37	B283	B2AF	default	879A	879A	Acid	Acid	02C6	02C6	FFFF	0000	82	VisibleLavaOrAcid
$02/$37	B283	B2AF	983A	879A	879A	Acid	Acid	02C6	02C6	FFFF	0000	82	VisibleLavaOrAcid
$02/$37	B283	B2AF	9A86	879A	879A	Acid	Acid	02C6	02C6	FFFF	0000	82	VisibleLavaOrAcid
$02/$38	B2DA	B2E7	default	87AA	87AA	Acid	Acid	00B8	00B8	FFFF	0000	82	VisibleLavaOrAcid
$02/$38	B2DA	B2E7	9906	87AA	87AA	Acid	Acid	00B8	00B8	FFFF	0000	82	VisibleLavaOrAcid
$02/$38	B2DA	B2E7	9A6E	87AA	87AA	Acid	Acid	00B8	00B8	FFFF	0000	82	VisibleLavaOrAcid
$02/$39	B305	B312	default	87BA	none	None	None	0000	0000	0000	0000	00	None
$02/$39	B305	B312	9A7A	87BA	none	None	None	0000	0000	0000	0000	00	None
$02/$3A	B32E	B340	default	87BC	87BC	Acid	Acid	0210	0210	01D0	0000	82	VisibleLavaOrAcid
$02/$3A	B32E	B340	98CA	87BC	87BC	Acid	Acid	0210	0210	01D0	0000	82	VisibleLavaOrAcid
$02/$3A	B32E	B340	9A62	87BC	87BC	Acid	Acid	0210	0210	01D0	0000	82	VisibleLavaOrAcid
$02/$3A	B32E	B35A	default	87BC	87BC	Acid	Acid	0210	0210	01D0	0000	82	VisibleLavaOrAcid
$02/$3A	B32E	B35A	98CA	87BC	87BC	Acid	Acid	0210	0210	01D0	0000	82	VisibleLavaOrAcid
$02/$3A	B32E	B35A	9A62	87BC	87BC	Acid	Acid	0210	0210	01D0	0000	82	VisibleLavaOrAcid
$02/$3B	B37A	B387	default	87CC	87CC	Acid	Acid	00D0	00D0	FFFF	0000	82	VisibleLavaOrAcid
$02/$3B	B37A	B387	98BE	87CC	87CC	Acid	Acid	00D0	00D0	FFFF	0000	82	VisibleLavaOrAcid
$02/$3B	B37A	B387	995A	87CC	87CC	Acid	Acid	00D0	00D0	FFFF	0000	82	VisibleLavaOrAcid
$02/$3C	B3A5	B3B2	default	87DC	87DC	Acid	Acid	FFFF	FFFF	FFFF	0000	02	HiddenLavaOrAcid
$02/$3C	B3A5	B3B2	985E	87DC	87DC	Acid	Acid	FFFF	FFFF	FFFF	0000	02	HiddenLavaOrAcid
$02/$3C	B3A5	B3B2	989A	87DC	87DC	Acid	Acid	FFFF	FFFF	FFFF	0000	02	HiddenLavaOrAcid
$02/$3C	B3A5	B3B2	991E	87DC	87DC	Acid	Acid	FFFF	FFFF	FFFF	0000	02	HiddenLavaOrAcid
$02/$3C	B3A5	B3B2	992A	87DC	87DC	Acid	Acid	FFFF	FFFF	FFFF	0000	02	HiddenLavaOrAcid
$02/$3C	B3A5	B3B2	9942	87DC	87DC	Acid	Acid	FFFF	FFFF	FFFF	0000	02	HiddenLavaOrAcid
$02/$3D	B3E1	B3EE	default	87EC	87EC	Acid	Acid	FFFF	FFFF	FFFF	0000	02	HiddenLavaOrAcid
$02/$3E	B40A	B417	default	87FC	87FC	Acid	Acid	FFFF	FFFF	FFFF	0000	02	HiddenLavaOrAcid
$02/$3E	B40A	B417	98EE	87FC	87FC	Acid	Acid	FFFF	FFFF	FFFF	0000	02	HiddenLavaOrAcid
$02/$3E	B40A	B417	9972	87FC	87FC	Acid	Acid	FFFF	FFFF	FFFF	0000	02	HiddenLavaOrAcid
$02/$3F	B457	B464	default	880C	880C	Acid	Acid	00E8	00E8	0010	FFE0	82	VisibleLavaOrAcid
$02/$3F	B457	B464	9912	880C	880C	Acid	Acid	00E8	00E8	0010	FFE0	82	VisibleLavaOrAcid
$02/$3F	B457	B464	998A	880C	880C	Acid	Acid	00E8	00E8	0010	FFE0	82	VisibleLavaOrAcid
$02/$40	B482	B48F	default	881C	881C	Acid	Acid	00CD	00CD	FFFF	0000	82	VisibleLavaOrAcid
$02/$40	B482	B48F	98D6	881C	881C	Acid	Acid	00CD	00CD	FFFF	0000	82	VisibleLavaOrAcid
$02/$40	B482	B48F	9A32	881C	881C	Acid	Acid	00CD	00CD	FFFF	0000	82	VisibleLavaOrAcid
$02/$41	B4AD	B4BA	default	882C	882C	Acid	Acid	FFFF	FFFF	FFFF	0000	02	HiddenLavaOrAcid
$02/$41	B4AD	B4BA	9936	882C	882C	Acid	Acid	FFFF	FFFF	FFFF	0000	02	HiddenLavaOrAcid
$02/$41	B4AD	B4BA	994E	882C	882C	Acid	Acid	FFFF	FFFF	FFFF	0000	02	HiddenLavaOrAcid
$02/$41	B4AD	B4BA	9996	882C	882C	Acid	Acid	FFFF	FFFF	FFFF	0000	02	HiddenLavaOrAcid
$02/$42	B4E5	B4F2	default	883C	884C	Acid	Acid	04E8	04E8	00D0	FF80	82	VisibleLavaOrAcid
$02/$42	B4E5	B4F2	997E	883C	884C	Acid	Acid	04E8	04E8	00D0	FF80	82	VisibleLavaOrAcid
$02/$42	B4E5	B4F2	99F6	883C	883C	Acid	Acid	00D0	00D0	FFFF	0000	82	VisibleLavaOrAcid
$02/$43	B510	B51D	default	885C	885C	Acid	Acid	FFFF	FFFF	FFFF	0000	02	HiddenLavaOrAcid
$02/$43	B510	B51D	99DE	885C	885C	Acid	Acid	FFFF	FFFF	FFFF	0000	02	HiddenLavaOrAcid
$02/$43	B510	B51D	9A56	885C	885C	Acid	Acid	FFFF	FFFF	FFFF	0000	02	HiddenLavaOrAcid
$02/$43	B510	B51D	9A92	885C	885C	Acid	Acid	FFFF	FFFF	FFFF	0000	02	HiddenLavaOrAcid
$02/$44	B55A	B567	default	886C	886C	Acid	Acid	00B3	00B3	FFFF	0000	82	VisibleLavaOrAcid
$02/$44	B55A	B567	99C6	886C	886C	Acid	Acid	00B3	00B3	FFFF	0000	82	VisibleLavaOrAcid
$02/$44	B55A	B567	9A9E	886C	886C	Acid	Acid	00B3	00B3	FFFF	0000	82	VisibleLavaOrAcid
$02/$45	B585	B592	default	887C	887C	Acid	Acid	FFFF	FFFF	FFFF	0000	02	HiddenLavaOrAcid
$02/$45	B585	B592	99A2	887C	887C	Acid	Acid	FFFF	FFFF	FFFF	0000	02	HiddenLavaOrAcid
$02/$45	B585	B592	9A26	887C	887C	Acid	Acid	FFFF	FFFF	FFFF	0000	02	HiddenLavaOrAcid
$02/$45	B585	B592	9AAA	887C	887C	Acid	Acid	FFFF	FFFF	FFFF	0000	02	HiddenLavaOrAcid
$02/$45	B585	B592	9AB6	887C	887C	Acid	Acid	FFFF	FFFF	FFFF	0000	02	HiddenLavaOrAcid
$02/$46	B5D5	B5E2	default	888C	888C	Acid	Acid	02C0	02C0	FFFF	0000	02	VisibleLavaOrAcid
$02/$46	B5D5	B5E2	99EA	888C	888C	Acid	Acid	02C0	02C0	FFFF	0000	02	VisibleLavaOrAcid
$02/$46	B5D5	B5E2	9A3E	888C	888C	Acid	Acid	02C0	02C0	FFFF	0000	02	VisibleLavaOrAcid
$02/$47	B62B	B638	default	889C	889C	Acid	Acid	FFFF	FFFF	FFFF	0000	02	HiddenLavaOrAcid
$02/$47	B62B	B638	9966	889C	889C	Acid	Acid	FFFF	FFFF	FFFF	0000	02	HiddenLavaOrAcid
$02/$47	B62B	B638	9A1A	889C	889C	Acid	Acid	FFFF	FFFF	FFFF	0000	02	HiddenLavaOrAcid
$02/$48	B656	B663	default	88AC	88AC	Acid	Acid	02D0	02D0	FFFF	0000	42	VisibleLavaOrAcid
$02/$48	B656	B663	95FA	88AC	88AC	Acid	Acid	02D0	02D0	FFFF	0000	42	VisibleLavaOrAcid
$02/$48	B656	B663	99AE	88AC	88AC	Acid	Acid	02D0	02D0	FFFF	0000	42	VisibleLavaOrAcid
$02/$49	B698	B6A5	default	88BC	88BC	Acid	Acid	00DD	00DD	FFFF	0000	82	VisibleLavaOrAcid
$02/$49	B698	B6A5	98B2	88BC	88BC	Acid	Acid	00DD	00DD	FFFF	0000	82	VisibleLavaOrAcid
$02/$4A	B6C1	B6CE	default	88CC	88CC	Acid	Acid	02DD	02DD	FFFF	0000	82	VisibleLavaOrAcid
$02/$4A	B6C1	B6CE	9882	88CC	88CC	Acid	Acid	02DD	02DD	FFFF	0000	82	VisibleLavaOrAcid
$02/$4A	B6C1	B6CE	988E	88CC	88CC	Acid	Acid	02DD	02DD	FFFF	0000	82	VisibleLavaOrAcid
$02/$4A	B6C1	B6CE	98A6	88CC	88CC	Acid	Acid	02DD	02DD	FFFF	0000	82	VisibleLavaOrAcid
$02/$4B	B6EE	B6FB	default	88DC	88DC	Fireflea	Fireflea	FFFF	FFFF	FFFF	0000	00	NonLiquidFx
$02/$4B	B6EE	B6FB	99BA	88DC	88DC	Fireflea	Fireflea	FFFF	FFFF	FFFF	0000	00	NonLiquidFx
$02/$4B	B6EE	B6FB	99D2	88DC	88DC	Fireflea	Fireflea	FFFF	FFFF	FFFF	0000	00	NonLiquidFx
$02/$4B	B6EE	B6FB	9A02	88DC	88DC	Fireflea	Fireflea	FFFF	FFFF	FFFF	0000	00	NonLiquidFx
$02/$4C	B741	B74E	default	88EC	88EC	Lava	Lava	FFFF	FFFF	FFFF	0000	01	HiddenLavaOrAcid
$02/$4C	B741	B74E	9A0E	88EC	88EC	Lava	Lava	FFFF	FFFF	FFFF	0000	01	HiddenLavaOrAcid
$03/$00	C98E	C9A0	default	9BA4	9BA4	None	None	FFFF	FFFF	FFFF	0000	00	None
$03/$00	C98E	C9A0	89FA	9BA4	9BA4	None	None	FFFF	FFFF	FFFF	0000	00	None
$03/$00	C98E	C9A0	8B32	9BA4	9BA4	None	None	FFFF	FFFF	FFFF	0000	00	None
$03/$00	C98E	C9A0	A30C	9BA4	9BA4	None	None	FFFF	FFFF	FFFF	0000	00	None
$03/$00	C98E	C9BA	default	9AC2	9AC2	None	None	01B0	01B0	FFFF	0000	00	None
$03/$00	C98E	C9BA	89FA	9AC2	9AC2	None	None	01B0	01B0	FFFF	0000	00	None
$03/$00	C98E	C9BA	8B32	9AC2	9AC2	None	None	01B0	01B0	FFFF	0000	00	None
$03/$00	C98E	C9BA	A30C	9AC2	9AC2	None	None	01B0	01B0	FFFF	0000	00	None
$03/$01	CA08	CA1A	default	9BB4	9BB4	None	None	FFFF	FFFF	FFFF	0000	00	None
$03/$01	CA08	CA1A	89D6	9BB4	9BB4	None	None	FFFF	FFFF	FFFF	0000	00	None
$03/$01	CA08	CA1A	A1F8	9BB4	9BB4	None	None	FFFF	FFFF	FFFF	0000	00	None
$03/$01	CA08	CA34	default	9AD2	9AD2	None	None	FFFF	FFFF	FFFF	0000	00	None
$03/$01	CA08	CA34	89D6	9AD2	9AD2	None	None	FFFF	FFFF	FFFF	0000	00	None
$03/$01	CA08	CA34	A1F8	9AD2	9AD2	None	None	FFFF	FFFF	FFFF	0000	00	None
$03/$02	CA52	CA64	default	9BC4	9BC4	None	None	FFFF	FFFF	FFFF	0000	00	None
$03/$02	CA52	CA64	89EE	9BC4	9BC4	None	None	FFFF	FFFF	FFFF	0000	00	None
$03/$02	CA52	CA64	A1EC	9BC4	9BC4	None	None	FFFF	FFFF	FFFF	0000	00	None
$03/$02	CA52	CA64	A228	9BC4	9BC4	None	None	FFFF	FFFF	FFFF	0000	00	None
$03/$02	CA52	CA7E	default	9AE2	9AE2	None	None	FFFF	FFFF	FFFF	0000	00	None
$03/$02	CA52	CA7E	89EE	9AE2	9AE2	None	None	FFFF	FFFF	FFFF	0000	00	None
$03/$02	CA52	CA7E	A1EC	9AE2	9AE2	None	None	FFFF	FFFF	FFFF	0000	00	None
$03/$02	CA52	CA7E	A228	9AE2	9AE2	None	None	FFFF	FFFF	FFFF	0000	00	None
$03/$03	CAAE	CAC0	default	9BD4	9BD4	None	None	FFFF	FFFF	FFFF	0000	00	None
$03/$03	CAAE	CAC0	A1D4	9BD4	9BD4	None	None	FFFF	FFFF	FFFF	0000	00	None
$03/$03	CAAE	CADA	default	9AF2	9AF2	None	None	FFFF	FFFF	FFFF	0000	00	None
$03/$03	CAAE	CADA	A1D4	9AF2	9AF2	None	None	FFFF	FFFF	FFFF	0000	00	None
$03/$04	CAF6	CB08	default	9BE4	9BE4	None	None	FFFF	FFFF	FFFF	0000	00	None
$03/$04	CAF6	CB08	A1BC	9BE4	9BE4	None	None	FFFF	FFFF	FFFF	0000	00	None
$03/$04	CAF6	CB08	A1C8	9BE4	9BE4	None	None	FFFF	FFFF	FFFF	0000	00	None
$03/$04	CAF6	CB08	A294	9BE4	9BE4	None	None	FFFF	FFFF	FFFF	0000	00	None
$03/$04	CAF6	CB08	A2D0	9BE4	9BE4	None	None	FFFF	FFFF	FFFF	0000	00	None
$03/$04	CAF6	CB08	A2E8	9BE4	9BE4	None	None	FFFF	FFFF	FFFF	0000	00	None
$03/$04	CAF6	CB08	A2F4	9BE4	9BE4	None	None	FFFF	FFFF	FFFF	0000	00	None
$03/$04	CAF6	CB08	A318	9BE4	9BE4	None	None	FFFF	FFFF	FFFF	0000	00	None
$03/$04	CAF6	CB22	default	9B02	9B02	None	None	FFFF	FFFF	FFFF	0000	00	None
$03/$04	CAF6	CB22	A1BC	9B02	9B02	None	None	FFFF	FFFF	FFFF	0000	00	None
$03/$04	CAF6	CB22	A1C8	9B02	9B02	None	None	FFFF	FFFF	FFFF	0000	00	None
$03/$04	CAF6	CB22	A294	9B02	9B02	None	None	FFFF	FFFF	FFFF	0000	00	None
$03/$04	CAF6	CB22	A2D0	9B02	9B02	None	None	FFFF	FFFF	FFFF	0000	00	None
$03/$04	CAF6	CB22	A2E8	9B02	9B02	None	None	FFFF	FFFF	FFFF	0000	00	None
$03/$04	CAF6	CB22	A2F4	9B02	9B02	None	None	FFFF	FFFF	FFFF	0000	00	None
$03/$04	CAF6	CB22	A318	9B02	9B02	None	None	FFFF	FFFF	FFFF	0000	00	None
$03/$05	CB8B	CB9D	default	9BF4	9BF4	None	None	FFFF	FFFF	FFFF	0000	00	None
$03/$05	CB8B	CB9D	A270	9BF4	9BF4	None	None	FFFF	FFFF	FFFF	0000	00	None
$03/$05	CB8B	CB9D	A2DC	9BF4	9BF4	None	None	FFFF	FFFF	FFFF	0000	00	None
$03/$05	CB8B	CBB7	default	9B12	9B12	Water	Water	00A8	00A8	FFFF	0000	03	VisibleWater
$03/$05	CB8B	CBB7	A270	9B12	9B12	Water	Water	00A8	00A8	FFFF	0000	03	VisibleWater
$03/$05	CB8B	CBB7	A2DC	9B12	9B12	Water	Water	00A8	00A8	FFFF	0000	03	VisibleWater
$03/$06	CBD5	CBE7	default	9C04	9C04	None	None	FFFF	FFFF	FFFF	0000	00	None
$03/$06	CBD5	CBE7	8A66	9C04	9C04	None	None	FFFF	FFFF	FFFF	0000	00	None
$03/$06	CBD5	CBE7	A258	9C04	9C04	None	None	FFFF	FFFF	FFFF	0000	00	None
$03/$06	CBD5	CBE7	A288	9C04	9C04	None	None	FFFF	FFFF	FFFF	0000	00	None
$03/$06	CBD5	CC01	default	9B22	9B22	Water	Water	02A8	02A8	FFFF	0000	03	VisibleWater
$03/$06	CBD5	CC01	8A66	9B22	9B22	Water	Water	02A8	02A8	FFFF	0000	03	VisibleWater
$03/$06	CBD5	CC01	A258	9B22	9B22	Water	Water	02A8	02A8	FFFF	0000	03	VisibleWater
$03/$06	CBD5	CC01	A288	9B22	9B22	Water	Water	02A8	02A8	FFFF	0000	03	VisibleWater
$03/$07	CC27	CC39	default	9C14	9C14	None	None	FFFF	FFFF	FFFF	0000	00	None
$03/$07	CC27	CC39	A27C	9C14	9C14	None	None	FFFF	FFFF	FFFF	0000	00	None
$03/$07	CC27	CC53	default	9B32	9B32	Water	Water	00B0	00B0	FFFF	0000	83	VisibleWater
$03/$07	CC27	CC53	A27C	9B32	9B32	Water	Water	00B0	00B0	FFFF	0000	83	VisibleWater
$03/$08	CC6F	CC81	default	9C24	9C24	None	None	FFFF	FFFF	FFFF	0000	00	None
$03/$08	CC6F	CC81	A21C	9C24	9C24	None	None	FFFF	FFFF	FFFF	0000	00	None
$03/$08	CC6F	CC81	A2B8	9C24	9C24	None	None	FFFF	FFFF	FFFF	0000	00	None
$03/$08	CC6F	CC81	A2C4	9C24	9C24	None	None	FFFF	FFFF	FFFF	0000	00	None
$03/$08	CC6F	CC9B	default	9B42	9B42	None	None	FFFF	FFFF	FFFF	0000	00	None
$03/$08	CC6F	CC9B	A21C	9B42	9B42	None	None	FFFF	FFFF	FFFF	0000	00	None
$03/$08	CC6F	CC9B	A2B8	9B42	9B42	None	None	FFFF	FFFF	FFFF	0000	00	None
$03/$08	CC6F	CC9B	A2C4	9B42	9B42	None	None	FFFF	FFFF	FFFF	0000	00	None
$03/$09	CCCB	CCDD	default	9C34	9C34	None	None	FFFF	FFFF	FFFF	0000	00	None
$03/$09	CCCB	CCDD	A2A0	9C34	9C34	None	None	FFFF	FFFF	FFFF	0000	00	None
$03/$09	CCCB	CCF7	default	9B52	9B52	None	None	FFFF	FFFF	FFFF	0000	00	None
$03/$09	CCCB	CCF7	A2A0	9B52	9B52	None	None	FFFF	FFFF	FFFF	0000	00	None
$03/$0A	CD13	CD25	default	9C44	9C44	None	None	FFFF	FFFF	FFFF	0000	00	None
$03/$0A	CD13	CD25	A2AC	9C44	9C44	None	None	FFFF	FFFF	FFFF	0000	00	None
$03/$0A	CD13	CD3F	default	9B62	none	None	None	0000	0000	0000	0000	00	None
$03/$0A	CD13	CD3F	A2AC	9B62	none	None	None	0000	0000	0000	0000	00	None
$03/$0B	CD5C	CD6E	default	9C54	9C54	None	None	FFFF	FFFF	FFFF	0000	00	None
$03/$0B	CD5C	CD6E	A204	9C54	9C54	None	None	FFFF	FFFF	FFFF	0000	00	None
$03/$0B	CD5C	CD6E	A24C	9C54	9C54	None	None	FFFF	FFFF	FFFF	0000	00	None
$03/$0B	CD5C	CD88	default	9B64	9B64	Water	Water	00A8	00A8	FFFF	0000	03	VisibleWater
$03/$0B	CD5C	CD88	A204	9B64	9B64	Water	Water	00A8	00A8	FFFF	0000	03	VisibleWater
$03/$0B	CD5C	CD88	A24C	9B64	9B64	Water	Water	00A8	00A8	FFFF	0000	03	VisibleWater
$03/$0C	CDA8	CDBA	default	9C64	9C64	None	None	FFFF	FFFF	FFFF	0000	00	None
$03/$0C	CDA8	CDBA	A210	9C64	9C64	None	None	FFFF	FFFF	FFFF	0000	00	None
$03/$0C	CDA8	CDD4	default	9B74	9B74	None	None	FFFF	FFFF	FFFF	0000	00	None
$03/$0C	CDA8	CDD4	A210	9B74	9B74	None	None	FFFF	FFFF	FFFF	0000	00	None
$03/$0D	CDF1	CE03	default	9C74	9C74	None	None	FFFF	FFFF	FFFF	0000	00	None
$03/$0D	CDF1	CE03	A234	9C74	9C74	None	None	FFFF	FFFF	FFFF	0000	00	None
$03/$0D	CDF1	CE1D	default	9B84	9B84	None	None	FFFF	FFFF	FFFF	0000	00	None
$03/$0D	CDF1	CE1D	A234	9B84	9B84	None	None	FFFF	FFFF	FFFF	0000	00	None
$03/$0E	CE40	CE52	default	9C74	9C74	None	None	FFFF	FFFF	FFFF	0000	00	None
$03/$0E	CE40	CE52	8A06	9C74	9C74	None	None	FFFF	FFFF	FFFF	0000	00	None
$03/$0E	CE40	CE52	A1A4	9C74	9C74	None	None	FFFF	FFFF	FFFF	0000	00	None
$03/$0E	CE40	CE6C	default	9B94	9B94	None	None	FFFF	FFFF	FFFF	0000	00	None
$03/$0E	CE40	CE6C	8A06	9B94	9B94	None	None	FFFF	FFFF	FFFF	0000	00	None
$03/$0E	CE40	CE6C	A1A4	9B94	9B94	None	None	FFFF	FFFF	FFFF	0000	00	None
$03/$0F	CE8A	CE9C	default	9C74	9C74	None	None	FFFF	FFFF	FFFF	0000	00	None
$03/$0F	CE8A	CE9C	A240	9C74	9C74	None	None	FFFF	FFFF	FFFF	0000	00	None
$03/$0F	CE8A	CEB6	default	9B94	9B94	None	None	FFFF	FFFF	FFFF	0000	00	None
$03/$0F	CE8A	CEB6	A240	9B94	9B94	None	None	FFFF	FFFF	FFFF	0000	00	None
$04/$00	CED2	CEDF	default	9C84	9C84	Water	Water	0010	0010	FFFF	0000	82	VisibleWater
$04/$00	CED2	CEDF	A354	9C84	9C84	Water	Water	0010	0010	FFFF	0000	82	VisibleWater
$04/$01	CEFB	CF0D	default	9C94	9C94	Water	Water	0010	0010	FFFF	0000	84	VisibleWater
$04/$01	CEFB	CF0D	A324	9C94	9C94	Water	Water	0010	0010	FFFF	0000	84	VisibleWater
$04/$01	CEFB	CF0D	A360	9C94	9C94	Water	Water	0010	0010	FFFF	0000	84	VisibleWater
$04/$01	CEFB	CF0D	A378	9C94	9C94	Water	Water	0010	0010	FFFF	0000	84	VisibleWater
$04/$01	CEFB	CF0D	A39C	9C94	9C94	Water	Water	0010	0010	FFFF	0000	84	VisibleWater
$04/$01	CEFB	CF27	default	9C94	9C94	Water	Water	0010	0010	FFFF	0000	84	VisibleWater
$04/$01	CEFB	CF27	A324	9C94	9C94	Water	Water	0010	0010	FFFF	0000	84	VisibleWater
$04/$01	CEFB	CF27	A360	9C94	9C94	Water	Water	0010	0010	FFFF	0000	84	VisibleWater
$04/$01	CEFB	CF27	A378	9C94	9C94	Water	Water	0010	0010	FFFF	0000	84	VisibleWater
$04/$01	CEFB	CF27	A39C	9C94	9C94	Water	Water	0010	0010	FFFF	0000	84	VisibleWater
$04/$02	CF54	CF61	default	9CA4	9CA4	None	None	FFFF	FFFF	FFFF	0000	00	None
$04/$02	CF54	CF61	911A	9CA4	9CA4	None	None	FFFF	FFFF	FFFF	0000	00	None
$04/$02	CF54	CF61	A33C	9CA4	9CA4	None	None	FFFF	FFFF	FFFF	0000	00	None
$04/$03	CF80	CF8D	default	9CB4	9CB4	None	None	FFFF	FFFF	FFFF	0000	00	None
$04/$03	CF80	CF8D	922E	9CB4	9CB4	None	None	FFFF	FFFF	FFFF	0000	00	None
$04/$03	CF80	CF8D	A348	9CB4	9CB4	None	None	FFFF	FFFF	FFFF	0000	00	None
$04/$03	CF80	CF8D	A510	9CB4	9CB4	None	None	FFFF	FFFF	FFFF	0000	00	None
$04/$04	CFC9	CFD6	default	9CC4	9CC4	Water	Water	0010	0010	FFFF	0000	83	VisibleWater
$04/$04	CFC9	CFD6	A330	9CC4	9CC4	Water	Water	0010	0010	FFFF	0000	83	VisibleWater
$04/$04	CFC9	CFD6	A3D8	9CC4	9CC4	Water	Water	0010	0010	FFFF	0000	83	VisibleWater
$04/$04	CFC9	CFD6	A414	9CC4	9CC4	Water	Water	0010	0010	FFFF	0000	83	VisibleWater
$04/$04	CFC9	CFD6	A438	9CC4	9CC4	Water	Water	0010	0010	FFFF	0000	83	VisibleWater
$04/$04	CFC9	CFD6	A45C	9CC4	9CC4	Water	Water	0010	0010	FFFF	0000	83	VisibleWater
$04/$05	D017	D024	default	9CD4	9CD4	Water	Water	0010	0010	FFFF	0000	83	VisibleWater
$04/$05	D017	D024	A3B4	9CD4	9CD4	Water	Water	0010	0010	FFFF	0000	83	VisibleWater
$04/$05	D017	D024	A408	9CD4	9CD4	Water	Water	0010	0010	FFFF	0000	83	VisibleWater
$04/$05	D017	D024	A444	9CD4	9CD4	Water	Water	0010	0010	FFFF	0000	83	VisibleWater
$04/$05	D017	D024	A450	9CD4	9CD4	Water	Water	0010	0010	FFFF	0000	83	VisibleWater
$04/$06	D055	D062	default	9CE4	9CE4	Water	Water	02BA	02BA	FFFF	0000	80	VisibleWater
$04/$06	D055	D062	A3E4	9CE4	9CE4	Water	Water	02BA	02BA	FFFF	0000	80	VisibleWater
$04/$07	D08A	D097	default	9CF4	9CF4	Water	Water	0010	0010	FFFF	0000	80	VisibleWater
$04/$07	D08A	D097	A3A8	9CF4	9CF4	Water	Water	0010	0010	FFFF	0000	80	VisibleWater
$04/$07	D08A	D097	A4F8	9CF4	9CF4	Water	Water	0010	0010	FFFF	0000	80	VisibleWater
$04/$08	D0B9	D0C6	default	9D04	9D04	Water	Water	0010	0010	FFFF	0000	83	VisibleWater
$04/$08	D0B9	D0C6	A3C0	9D04	9D04	Water	Water	0010	0010	FFFF	0000	83	VisibleWater
$04/$08	D0B9	D0C6	A3CC	9D04	9D04	Water	Water	0010	0010	FFFF	0000	83	VisibleWater
$04/$08	D0B9	D0C6	A3F0	9D04	9D04	Water	Water	0010	0010	FFFF	0000	83	VisibleWater
$04/$08	D0B9	D0C6	A3FC	9D04	9D04	Water	Water	0010	0010	FFFF	0000	83	VisibleWater
$04/$08	D0B9	D0C6	A474	9D04	9D04	Water	Water	0010	0010	FFFF	0000	83	VisibleWater
$04/$08	D0B9	D0C6	A4B0	9D04	9D04	Water	Water	0010	0010	FFFF	0000	83	VisibleWater
$04/$09	D104	D111	default	9D14	9D14	Water	Water	0180	0180	FFFF	0000	81	VisibleWater
$04/$09	D104	D111	90C6	9D14	9D14	Water	Water	0180	0180	FFFF	0000	81	VisibleWater
$04/$09	D104	D111	A42C	9D14	9D14	Water	Water	0180	0180	FFFF	0000	81	VisibleWater
$04/$0A	D13B	D148	default	9D24	9D24	Water	Water	01B5	01B5	FFFF	0000	83	VisibleWater
$04/$0A	D13B	D148	A498	9D24	9D24	Water	Water	01B5	01B5	FFFF	0000	83	VisibleWater
$04/$0B	D16D	D17A	default	9D34	9D34	Water	Water	01B5	01B5	FFFF	0000	83	VisibleWater
$04/$0B	D16D	D17A	A48C	9D34	9D34	Water	Water	01B5	01B5	FFFF	0000	83	VisibleWater
$04/$0B	D16D	D17A	A4D4	9D34	9D34	Water	Water	01B5	01B5	FFFF	0000	83	VisibleWater
$04/$0C	D1A3	D1B0	default	9D44	9D44	Water	Water	0010	0010	FFFF	0000	81	VisibleWater
$04/$0C	D1A3	D1B0	A468	9D44	9D44	Water	Water	0010	0010	FFFF	0000	81	VisibleWater
$04/$0C	D1A3	D1B0	A4E0	9D44	9D44	Water	Water	0010	0010	FFFF	0000	81	VisibleWater
$04/$0C	D1A3	D1B0	A708	9D44	9D44	Water	Water	0010	0010	FFFF	0000	81	VisibleWater
$04/$0D	D1DD	D1EA	default	9D54	9D54	Water	Water	01B5	01B5	FFFF	0000	83	VisibleWater
$04/$0D	D1DD	D1EA	A4A4	9D54	9D54	Water	Water	01B5	01B5	FFFF	0000	83	VisibleWater
$04/$0D	D1DD	D1EA	A4BC	9D54	9D54	Water	Water	01B5	01B5	FFFF	0000	83	VisibleWater
$04/$0E	D21C	D229	default	9D64	9D64	Water	Water	0010	0010	FFFF	0000	80	VisibleWater
$04/$0E	D21C	D229	A390	9D64	9D64	Water	Water	0010	0010	FFFF	0000	80	VisibleWater
$04/$0E	D21C	D229	A420	9D64	9D64	Water	Water	0010	0010	FFFF	0000	80	VisibleWater
$04/$0E	D21C	D229	A528	9D64	9D64	Water	Water	0010	0010	FFFF	0000	80	VisibleWater
$04/$0E	D21C	D229	A5E8	9D64	9D64	Water	Water	0010	0010	FFFF	0000	80	VisibleWater
$04/$0F	D252	D25F	default	9D74	9D74	Water	Water	0010	0010	FFFF	0000	80	VisibleWater
$04/$0F	D252	D25F	A504	9D74	9D74	Water	Water	0010	0010	FFFF	0000	80	VisibleWater
$04/$0F	D252	D25F	A63C	9D74	9D74	Water	Water	0010	0010	FFFF	0000	80	VisibleWater
$04/$10	D27E	D28B	default	9D84	9D84	None	None	FFFF	FFFF	FFFF	0000	00	None
$04/$10	D27E	D28B	A558	9D84	9D84	None	None	FFFF	FFFF	FFFF	0000	00	None
$04/$10	D27E	D28B	A5DC	9D84	9D84	None	None	FFFF	FFFF	FFFF	0000	00	None
$04/$11	D2AA	D2B7	default	9D94	9D94	None	None	FFFF	FFFF	FFFF	0000	00	None
$04/$11	D2AA	D2B7	A54C	9D94	9D94	None	None	FFFF	FFFF	FFFF	0000	00	None
$04/$12	D2D9	D2E6	default	9DA4	9DA4	Water	Water	00B5	00B5	FFFF	0000	83	VisibleWater
$04/$12	D2D9	D2E6	A57C	9DA4	9DA4	Water	Water	00B5	00B5	FFFF	0000	83	VisibleWater
$04/$12	D2D9	D2E6	A618	9DA4	9DA4	Water	Water	00B5	00B5	FFFF	0000	83	VisibleWater
$04/$13	D30B	D318	default	9DB4	9DB4	Water	Water	05B5	05B5	FFFF	0000	83	VisibleWater
$04/$13	D30B	D318	8A5A	9DB4	9DB4	Water	Water	05B5	05B5	FFFF	0000	83	VisibleWater
$04/$13	D30B	D318	A570	9DB4	9DB4	Water	Water	05B5	05B5	FFFF	0000	83	VisibleWater
$04/$13	D30B	D318	A5F4	9DB4	9DB4	Water	Water	05B5	05B5	FFFF	0000	83	VisibleWater
$04/$14	D340	D34D	default	9DC4	9DC4	Water	Water	03B4	03B4	FFFF	0000	83	VisibleWater
$04/$14	D340	D34D	A4EC	9DC4	9DC4	Water	Water	03B4	03B4	FFFF	0000	83	VisibleWater
$04/$14	D340	D34D	A5D0	9DC4	9DC4	Water	Water	03B4	03B4	FFFF	0000	83	VisibleWater
$04/$14	D340	D34D	A60C	9DC4	9DC4	Water	Water	03B4	03B4	FFFF	0000	83	VisibleWater
$04/$14	D340	D34D	A630	9DC4	9DC4	Water	Water	03B4	03B4	FFFF	0000	83	VisibleWater
$04/$14	D340	D34D	A750	9DC4	9DC4	Water	Water	03B4	03B4	FFFF	0000	83	VisibleWater
$04/$15	D387	D394	default	9DD4	9DD4	None	None	FFFF	FFFF	FFFF	0000	00	None
$04/$15	D387	D394	A540	9DD4	9DD4	None	None	FFFF	FFFF	FFFF	0000	00	None
$04/$15	D387	D394	A5B8	9DD4	9DD4	None	None	FFFF	FFFF	FFFF	0000	00	None
$04/$16	D3B6	D3C3	default	9DE4	9DE4	Water	Water	0010	0010	FFFF	0000	82	VisibleWater
$04/$16	D3B6	D3C3	A51C	9DE4	9DE4	Water	Water	0010	0010	FFFF	0000	82	VisibleWater
$04/$17	D3DF	D3EC	default	9DF4	9DF4	None	None	FFFF	FFFF	FFFF	0000	00	None
$04/$17	D3DF	D3EC	A588	9DF4	9DF4	None	None	FFFF	FFFF	FFFF	0000	00	None
$04/$18	D408	D415	default	9E04	9E24	Water	Water	0080	0080	FFFF	0000	81	VisibleWater
$04/$18	D408	D415	A5AC	9E04	9E04	Water	Water	0080	0080	FFFF	0000	85	VisibleWater
$04/$18	D408	D415	A678	9E04	9E14	Water	Water	0080	0080	FFFF	0000	85	VisibleWater
$04/$19	D433	D440	default	9E34	9E34	Water	Water	00B5	00B5	FFFF	0000	83	VisibleWater
$04/$19	D433	D440	A564	9E34	9E34	Water	Water	00B5	00B5	FFFF	0000	83	VisibleWater
$04/$19	D433	D440	A5C4	9E34	9E34	Water	Water	00B5	00B5	FFFF	0000	83	VisibleWater
$04/$1A	D461	D46E	default	9E44	9E44	Water	Water	0010	0010	FFFF	0000	82	VisibleWater
$04/$1A	D461	D46E	A534	9E44	9E44	Water	Water	0010	0010	FFFF	0000	82	VisibleWater
$04/$1A	D461	D46E	A660	9E44	9E44	Water	Water	0010	0010	FFFF	0000	82	VisibleWater
$04/$1A	D461	D46E	A6B4	9E44	9E44	Water	Water	0010	0010	FFFF	0000	82	VisibleWater
$04/$1B	D48E	D49B	default	9E54	9E54	Water	Water	0010	0010	FFFF	0000	82	VisibleWater
$04/$1B	D48E	D49B	A600	9E54	9E54	Water	Water	0010	0010	FFFF	0000	82	VisibleWater
$04/$1B	D48E	D49B	A648	9E54	9E54	Water	Water	0010	0010	FFFF	0000	82	VisibleWater
$04/$1B	D48E	D49B	A684	9E54	9E54	Water	Water	0010	0010	FFFF	0000	82	VisibleWater
$04/$1C	D4C2	D4CF	default	9E64	9E64	Water	Water	0010	0010	FFFF	0000	82	VisibleWater
$04/$1C	D4C2	D4CF	A66C	9E64	9E64	Water	Water	0010	0010	FFFF	0000	82	VisibleWater
$04/$1C	D4C2	D4CF	A6CC	9E64	9E64	Water	Water	0010	0010	FFFF	0000	82	VisibleWater
$04/$1C	D4C2	D4CF	A780	9E64	9E64	Water	Water	0010	0010	FFFF	0000	82	VisibleWater
$04/$1D	D4EF	D4FC	default	9E74	9E74	Water	Water	00D6	00D6	FFFF	0000	03	VisibleWater
$04/$1D	D4EF	D4FC	A654	9E74	9E74	Water	Water	00D6	00D6	FFFF	0000	03	VisibleWater
$04/$1D	D4EF	D4FC	A6E4	9E74	9E74	Water	Water	00D6	00D6	FFFF	0000	03	VisibleWater
$04/$1E	D51E	D52B	default	9E84	9E84	Water	Water	00D6	00D6	FFFF	0000	03	VisibleWater
$04/$1E	D51E	D52B	A69C	9E84	9E84	Water	Water	00D6	00D6	FFFF	0000	03	VisibleWater
$04/$1E	D51E	D52B	A6FC	9E84	9E84	Water	Water	00D6	00D6	FFFF	0000	03	VisibleWater
$04/$1F	D54D	D55A	default	9E94	9E94	None	None	FFFF	FFFF	FFFF	0000	00	None
$04/$1F	D54D	D55A	A6A8	9E94	9E94	None	None	FFFF	FFFF	FFFF	0000	00	None
$04/$1F	D54D	D55A	A714	9E94	9E94	None	None	FFFF	FFFF	FFFF	0000	00	None
$04/$20	D57A	D587	default	9E94	9E94	None	None	FFFF	FFFF	FFFF	0000	00	None
$04/$20	D57A	D587	A6C0	9E94	9E94	None	None	FFFF	FFFF	FFFF	0000	00	None
$04/$20	D57A	D587	A720	9E94	9E94	None	None	FFFF	FFFF	FFFF	0000	00	None
$04/$21	D5A7	D5B4	default	9EA4	9EA4	Water	Water	0010	0010	FFFF	0000	83	VisibleWater
$04/$21	D5A7	D5B4	A4C8	9EA4	9EA4	Water	Water	0010	0010	FFFF	0000	83	VisibleWater
$04/$21	D5A7	D5B4	A6D8	9EA4	9EA4	Water	Water	0010	0010	FFFF	0000	83	VisibleWater
$04/$21	D5A7	D5B4	A6F0	9EA4	9EA4	Water	Water	0010	0010	FFFF	0000	83	VisibleWater
$04/$21	D5A7	D5B4	A768	9EA4	9EA4	Water	Water	0010	0010	FFFF	0000	83	VisibleWater
$04/$21	D5A7	D5B4	A7D4	9EA4	9EA4	Water	Water	0010	0010	FFFF	0000	83	VisibleWater
$04/$21	D5A7	D5B4	A828	9EA4	9EA4	Water	Water	0010	0010	FFFF	0000	83	VisibleWater
$04/$22	D5EC	D5F9	default	9EB4	9EB4	Water	Water	0049	0049	FFFF	0000	83	VisibleWater
$04/$22	D5EC	D5F9	A5A0	9EB4	9EB4	Water	Water	0049	0049	FFFF	0000	83	VisibleWater
$04/$22	D5EC	D5F9	A8A0	9EB4	9EB4	Water	Water	0049	0049	FFFF	0000	83	VisibleWater
$04/$22	D5EC	D5F9	A93C	9EB4	9EB4	Water	Water	0049	0049	FFFF	0000	83	VisibleWater
$04/$23	D617	D624	default	9EC4	9EC4	Water	Water	0010	0010	FFFF	0000	83	VisibleWater
$04/$23	D617	D624	A72C	9EC4	9EC4	Water	Water	0010	0010	FFFF	0000	83	VisibleWater
$04/$23	D617	D624	A90C	9EC4	9EC4	Water	Water	0010	0010	FFFF	0000	83	VisibleWater
$04/$24	D646	D653	default	9ED4	9ED4	Water	Water	02B0	02B0	FFFF	0000	82	VisibleWater
$04/$24	D646	D653	A690	9ED4	9ED4	Water	Water	02B0	02B0	FFFF	0000	82	VisibleWater
$04/$24	D646	D653	A7A4	9ED4	9ED4	Water	Water	02B0	02B0	FFFF	0000	82	VisibleWater
$04/$24	D646	D653	A7B0	9ED4	9ED4	Water	Water	02B0	02B0	FFFF	0000	82	VisibleWater
$04/$25	D69A	D6A7	default	9EE4	9EE4	Water	Water	00B0	00B0	FFFF	0000	82	VisibleWater
$04/$25	D69A	D6A7	A78C	9EE4	9EE4	Water	Water	00B0	00B0	FFFF	0000	82	VisibleWater
$04/$25	D69A	D6A7	A8C4	9EE4	9EE4	Water	Water	00B0	00B0	FFFF	0000	82	VisibleWater
$04/$26	D6D0	D6DD	default	9EF4	9EF4	Water	Water	00B0	00B0	FFFF	0000	82	VisibleWater
$04/$26	D6D0	D6DD	A8D0	9EF4	9EF4	Water	Water	00B0	00B0	FFFF	0000	82	VisibleWater
$04/$27	D6FD	D70A	default	9F04	9F04	Water	Water	0048	0048	FFFF	0000	03	VisibleWater
$04/$27	D6FD	D70A	A738	9F04	9F04	Water	Water	0048	0048	FFFF	0000	03	VisibleWater
$04/$27	D6FD	D70A	A8AC	9F04	9F04	Water	Water	0048	0048	FFFF	0000	03	VisibleWater
$04/$27	D6FD	D70A	A8B8	9F04	9F04	Water	Water	0048	0048	FFFF	0000	03	VisibleWater
$04/$28	D72A	D737	default	9F14	9F14	Water	Water	0117	0117	FFFF	0000	01	VisibleWater
$04/$28	D72A	D737	A834	9F14	9F14	Water	Water	0117	0117	FFFF	0000	01	VisibleWater
$04/$28	D72A	D737	A888	9F14	9F14	Water	Water	0117	0117	FFFF	0000	01	VisibleWater
$04/$28	D72A	D737	A8E8	9F14	9F14	Water	Water	0117	0117	FFFF	0000	01	VisibleWater
$04/$29	D765	D772	default	9F24	9F24	Water	Water	0010	0010	FFFF	0000	82	VisibleWater
$04/$29	D765	D772	A744	9F24	9F24	Water	Water	0010	0010	FFFF	0000	82	VisibleWater
$04/$2A	D78F	D7A1	default	9F34	9F34	Water	Water	00BF	00BF	FFFF	0000	83	VisibleWater
$04/$2A	D78F	D7A1	A7F8	9F34	9F34	Water	Water	00BF	00BF	FFFF	0000	83	VisibleWater
$04/$2A	D78F	D7A1	A81C	9F34	9F34	Water	Water	00BF	00BF	FFFF	0000	83	VisibleWater
$04/$2A	D78F	D7A1	A96C	9F34	9F34	Water	Water	00BF	00BF	FFFF	0000	83	VisibleWater
$04/$2A	D78F	D7BB	default	9F34	9F34	Water	Water	00BF	00BF	FFFF	0000	83	VisibleWater
$04/$2A	D78F	D7BB	A7F8	9F34	9F34	Water	Water	00BF	00BF	FFFF	0000	83	VisibleWater
$04/$2A	D78F	D7BB	A81C	9F34	9F34	Water	Water	00BF	00BF	FFFF	0000	83	VisibleWater
$04/$2A	D78F	D7BB	A96C	9F34	9F34	Water	Water	00BF	00BF	FFFF	0000	83	VisibleWater
$04/$2B	D7E4	D7F1	default	9F44	9F44	Water	Water	0010	0010	FFFF	0000	83	VisibleWater
$04/$2B	D7E4	D7F1	A8DC	9F44	9F44	Water	Water	0010	0010	FFFF	0000	83	VisibleWater
$04/$2B	D7E4	D7F1	A918	9F44	9F44	Water	Water	0010	0010	FFFF	0000	83	VisibleWater
$04/$2C	D81A	D827	default	9F54	9F54	None	None	FFFF	FFFF	FFFF	0000	00	None
$04/$2C	D81A	D827	A7EC	9F54	9F54	None	None	FFFF	FFFF	FFFF	0000	00	None
$04/$2C	D81A	D827	A930	9F54	9F54	None	None	FFFF	FFFF	FFFF	0000	00	None
$04/$2D	D845	D852	default	9F64	9F64	Water	Water	0000	0000	FFFF	0000	03	VisibleWater
$04/$2D	D845	D852	A810	9F64	9F64	Water	Water	0000	0000	FFFF	0000	03	VisibleWater
$04/$2D	D845	D852	A8F4	9F64	9F64	Water	Water	0000	0000	FFFF	0000	03	VisibleWater
$04/$2E	D86E	D87B	default	9F74	9F74	None	None	FFFF	FFFF	FFFF	0000	00	None
$04/$2E	D86E	D87B	A624	9F74	9F74	None	None	FFFF	FFFF	FFFF	0000	00	None
$04/$2F	D898	D8A5	default	9F74	9F74	None	None	FFFF	FFFF	FFFF	0000	00	None
$04/$2F	D898	D8A5	A858	9F74	9F74	None	None	FFFF	FFFF	FFFF	0000	00	None
$04/$2F	D898	D8A5	A864	9F74	9F74	None	None	FFFF	FFFF	FFFF	0000	00	None
$04/$30	D8C5	D8D7	default	9F84	9F84	Water	Water	00B0	00B0	FFFF	0000	82	VisibleWater
$04/$30	D8C5	D8D7	A798	9F84	9F84	Water	Water	00B0	00B0	FFFF	0000	82	VisibleWater
$04/$30	D8C5	D8D7	A7BC	9F84	9F84	Water	Water	00B0	00B0	FFFF	0000	82	VisibleWater
$04/$30	D8C5	D8D7	A7C8	9F84	9F84	Water	Water	00B0	00B0	FFFF	0000	82	VisibleWater
$04/$30	D8C5	D8F1	default	9F84	9F84	Water	Water	00B0	00B0	FFFF	0000	82	VisibleWater
$04/$30	D8C5	D8F1	A798	9F84	9F84	Water	Water	00B0	00B0	FFFF	0000	82	VisibleWater
$04/$30	D8C5	D8F1	A7BC	9F84	9F84	Water	Water	00B0	00B0	FFFF	0000	82	VisibleWater
$04/$30	D8C5	D8F1	A7C8	9F84	9F84	Water	Water	00B0	00B0	FFFF	0000	82	VisibleWater
$04/$31	D913	D920	default	9F94	9F94	Water	Water	0135	0135	FFFF	0000	03	VisibleWater
$04/$31	D913	D920	A7E0	9F94	9F94	Water	Water	0135	0135	FFFF	0000	03	VisibleWater
$04/$31	D913	D920	A804	9F94	9F94	Water	Water	0135	0135	FFFF	0000	03	VisibleWater
$04/$31	D913	D920	A870	9F94	9F94	Water	Water	0135	0135	FFFF	0000	03	VisibleWater
$04/$31	D913	D920	A894	9F94	9F94	Water	Water	0135	0135	FFFF	0000	03	VisibleWater
$04/$31	D913	D920	A960	9F94	9F94	Water	Water	0135	0135	FFFF	0000	03	VisibleWater
$04/$32	D95E	D970	default	9FA4	9FA4	Water	Water	0010	0010	FFFF	0000	83	VisibleWater
$04/$32	D95E	D970	A774	9FA4	9FA4	Water	Water	0010	0010	FFFF	0000	83	VisibleWater
$04/$32	D95E	D970	A84C	9FA4	9FA4	Water	Water	0010	0010	FFFF	0000	83	VisibleWater
$04/$32	D95E	D98A	default	9FA4	9FA4	Water	Water	0010	0010	FFFF	0000	83	VisibleWater
$04/$32	D95E	D98A	A774	9FA4	9FA4	Water	Water	0010	0010	FFFF	0000	83	VisibleWater
$04/$32	D95E	D98A	A84C	9FA4	9FA4	Water	Water	0010	0010	FFFF	0000	83	VisibleWater
$04/$33	D9AA	D9B7	default	9FB4	9FB4	Water	Water	0010	0010	FFFF	0000	83	VisibleWater
$04/$33	D9AA	D9B7	A978	9FB4	9FB4	Water	Water	0010	0010	FFFF	0000	83	VisibleWater
$04/$34	D9D4	D9E1	default	9FC4	9FC4	None	None	FFFF	FFFF	FFFF	0000	00	None
$04/$34	D9D4	D9E1	A87C	9FC4	9FC4	None	None	FFFF	FFFF	FFFF	0000	00	None
$04/$35	D9FE	DA0B	default	9FD4	9FD4	Water	Water	00B9	00B9	FFFF	0000	83	VisibleWater
$04/$35	D9FE	DA0B	A75C	9FD4	9FD4	Water	Water	00B9	00B9	FFFF	0000	83	VisibleWater
$04/$35	D9FE	DA0B	A954	9FD4	9FD4	Water	Water	00B9	00B9	FFFF	0000	83	VisibleWater
$04/$36	DA2B	DA38	default	9FE4	9FE4	Water	Water	0135	0135	FFFF	0000	01	VisibleWater
$04/$36	DA2B	DA38	A900	9FE4	9FE4	Water	Water	0135	0135	FFFF	0000	01	VisibleWater
$04/$36	DA2B	DA38	A948	9FE4	9FE4	Water	Water	0135	0135	FFFF	0000	01	VisibleWater
$04/$37	DA60	DA72	default	9FF4	9FF4	Water	Water	0010	0010	FFFF	0000	81	VisibleWater
$04/$37	DA60	DA72	A840	9FF4	9FF4	Water	Water	0010	0010	FFFF	0000	81	VisibleWater
$04/$37	DA60	DA72	A924	9FF4	9FF4	Water	Water	0010	0010	FFFF	0000	81	VisibleWater
$04/$37	DA60	DA8C	default	9FF4	9FF4	Water	Water	0010	0010	FFFF	0000	81	VisibleWater
$04/$37	DA60	DA8C	A840	9FF4	9FF4	Water	Water	0010	0010	FFFF	0000	81	VisibleWater
$04/$37	DA60	DA8C	A924	9FF4	9FF4	Water	Water	0010	0010	FFFF	0000	81	VisibleWater
$05/$00	DAAE	DABB	default	A004	A004	Acid	Acid	03BC	03BC	FFFF	0000	01	VisibleLavaOrAcid
$05/$00	DAAE	DABB	9222	A004	A004	Acid	Acid	03BC	03BC	FFFF	0000	01	VisibleLavaOrAcid
$05/$00	DAAE	DABB	A9A8	A004	A004	Acid	Acid	03BC	03BC	FFFF	0000	01	VisibleLavaOrAcid
$05/$00	DAAE	DABB	AB40	A004	A004	Acid	Acid	03BC	03BC	FFFF	0000	01	VisibleLavaOrAcid
$05/$01	DAE1	DAF3	default	A014	A014	Acid	Acid	00D0	00D0	FFFF	0000	01	VisibleLavaOrAcid
$05/$01	DAE1	DAF3	A984	A014	A014	Acid	Acid	00D0	00D0	FFFF	0000	01	VisibleLavaOrAcid
$05/$01	DAE1	DAF3	A9C0	A014	A014	Acid	Acid	00D0	00D0	FFFF	0000	01	VisibleLavaOrAcid
$05/$01	DAE1	DB0D	default	A014	A014	Acid	Acid	00D0	00D0	FFFF	0000	01	VisibleLavaOrAcid
$05/$01	DAE1	DB0D	A984	A014	A014	Acid	Acid	00D0	00D0	FFFF	0000	01	VisibleLavaOrAcid
$05/$01	DAE1	DB0D	A9C0	A014	A014	Acid	Acid	00D0	00D0	FFFF	0000	01	VisibleLavaOrAcid
$05/$02	DB31	DB43	default	A024	A024	None	None	FFFF	FFFF	FFFF	0000	00	None
$05/$02	DB31	DB43	A9B4	A024	A024	None	None	FFFF	FFFF	FFFF	0000	00	None
$05/$02	DB31	DB43	A9D8	A024	A024	None	None	FFFF	FFFF	FFFF	0000	00	None
$05/$02	DB31	DB5D	default	A024	A024	None	None	FFFF	FFFF	FFFF	0000	00	None
$05/$02	DB31	DB5D	A9B4	A024	A024	None	None	FFFF	FFFF	FFFF	0000	00	None
$05/$02	DB31	DB5D	A9D8	A024	A024	None	None	FFFF	FFFF	FFFF	0000	00	None
$05/$03	DB7D	DB8F	default	A034	A034	Acid	Acid	00D0	00D0	FFFF	0000	01	VisibleLavaOrAcid
$05/$03	DB7D	DB8F	A9CC	A034	A034	Acid	Acid	00D0	00D0	FFFF	0000	01	VisibleLavaOrAcid
$05/$03	DB7D	DB8F	A9F0	A034	A034	Acid	Acid	00D0	00D0	FFFF	0000	01	VisibleLavaOrAcid
$05/$03	DB7D	DBA9	default	A034	A034	Acid	Acid	00D0	00D0	FFFF	0000	01	VisibleLavaOrAcid
$05/$03	DB7D	DBA9	A9CC	A034	A034	Acid	Acid	00D0	00D0	FFFF	0000	01	VisibleLavaOrAcid
$05/$03	DB7D	DBA9	A9F0	A034	A034	Acid	Acid	00D0	00D0	FFFF	0000	01	VisibleLavaOrAcid
$05/$04	DBCD	DBDF	default	A044	A044	None	None	FFFF	FFFF	FFFF	0000	00	None
$05/$04	DBCD	DBDF	A9E4	A044	A044	None	None	FFFF	FFFF	FFFF	0000	00	None
$05/$04	DBCD	DBDF	AA08	A044	A044	None	None	FFFF	FFFF	FFFF	0000	00	None
$05/$04	DBCD	DBF9	default	A044	A044	None	None	FFFF	FFFF	FFFF	0000	00	None
$05/$04	DBCD	DBF9	A9E4	A044	A044	None	None	FFFF	FFFF	FFFF	0000	00	None
$05/$04	DBCD	DBF9	AA08	A044	A044	None	None	FFFF	FFFF	FFFF	0000	00	None
$05/$05	DC19	DC2B	default	A054	A054	None	None	FFFF	FFFF	FFFF	0000	00	None
$05/$05	DC19	DC2B	A9FC	A054	A054	None	None	FFFF	FFFF	FFFF	0000	00	None
$05/$05	DC19	DC2B	AA20	A054	A054	None	None	FFFF	FFFF	FFFF	0000	00	None
$05/$05	DC19	DC45	default	A054	A054	None	None	FFFF	FFFF	FFFF	0000	00	None
$05/$05	DC19	DC45	A9FC	A054	A054	None	None	FFFF	FFFF	FFFF	0000	00	None
$05/$05	DC19	DC45	AA20	A054	A054	None	None	FFFF	FFFF	FFFF	0000	00	None
$05/$06	DC65	DC77	default	A064	A064	None	None	FFFF	FFFF	FFFF	0000	00	None
$05/$06	DC65	DC77	AA14	A064	A064	None	None	FFFF	FFFF	FFFF	0000	00	None
$05/$06	DC65	DC77	AA38	A064	A064	None	None	FFFF	FFFF	FFFF	0000	00	None
$05/$06	DC65	DC91	default	A064	A064	None	None	FFFF	FFFF	FFFF	0000	00	None
$05/$06	DC65	DC91	AA14	A064	A064	None	None	FFFF	FFFF	FFFF	0000	00	None
$05/$06	DC65	DC91	AA38	A064	A064	None	None	FFFF	FFFF	FFFF	0000	00	None
$05/$07	DCB1	DCC3	default	A074	A074	None	None	FFFF	FFFF	FFFF	0000	00	None
$05/$07	DCB1	DCC3	AA2C	A074	A074	None	None	FFFF	FFFF	FFFF	0000	00	None
$05/$07	DCB1	DCC3	AA50	A074	A074	None	None	FFFF	FFFF	FFFF	0000	00	None
$05/$07	DCB1	DCDD	default	A074	A074	None	None	FFFF	FFFF	FFFF	0000	00	None
$05/$07	DCB1	DCDD	AA2C	A074	A074	None	None	FFFF	FFFF	FFFF	0000	00	None
$05/$07	DCB1	DCDD	AA50	A074	A074	None	None	FFFF	FFFF	FFFF	0000	00	None
$05/$08	DCFF	DD0C	default	A084	A084	None	None	FFFF	FFFF	FFFF	0000	00	None
$05/$08	DCFF	DD0C	AA44	A084	A084	None	None	FFFF	FFFF	FFFF	0000	00	None
$05/$08	DCFF	DD0C	AA74	A084	A084	None	None	FFFF	FFFF	FFFF	0000	00	None
$05/$08	DCFF	DD0C	AA98	A084	A084	None	None	FFFF	FFFF	FFFF	0000	00	None
$05/$09	DD2E	DD3B	default	A094	A094	None	None	FFFF	FFFF	FFFF	0000	00	None
$05/$09	DD2E	DD3B	AA68	A094	A094	None	None	FFFF	FFFF	FFFF	0000	00	None
$05/$0A	DD58	DD6E	default	A0A4	A0A4	Acid	Acid	00E8	00E8	FFFF	0000	01	VisibleLavaOrAcid
$05/$0A	DD58	DD6E	AAC8	A0A4	A0A4	Acid	Acid	00E8	00E8	FFFF	0000	01	VisibleLavaOrAcid
$05/$0A	DD58	DD6E	AAE0	A0A4	A0A4	Acid	Acid	00E8	00E8	FFFF	0000	01	VisibleLavaOrAcid
$05/$0A	DD58	DD88	default	A0A4	A0A4	Acid	Acid	00E8	00E8	FFFF	0000	01	VisibleLavaOrAcid
$05/$0A	DD58	DD88	AAC8	A0A4	A0A4	Acid	Acid	00E8	00E8	FFFF	0000	01	VisibleLavaOrAcid
$05/$0A	DD58	DD88	AAE0	A0A4	A0A4	Acid	Acid	00E8	00E8	FFFF	0000	01	VisibleLavaOrAcid
$05/$0A	DD58	DDA2	default	A188	none	None	None	0000	0000	0000	0000	00	None
$05/$0A	DD58	DDA2	AAC8	A188	none	None	None	0000	0000	0000	0000	00	None
$05/$0A	DD58	DDA2	AAE0	A188	none	None	None	0000	0000	0000	0000	00	None
$05/$0B	DDC4	DDD1	default	A0D4	A0D4	None	None	FFFF	FFFF	FFFF	0000	00	None
$05/$0B	DDC4	DDD1	AA5C	A0D4	A0D4	None	None	FFFF	FFFF	FFFF	0000	00	None
$05/$0B	DDC4	DDD1	AAB0	A0D4	A0D4	None	None	FFFF	FFFF	FFFF	0000	00	None
$05/$0C	DDF3	DE00	default	A0E4	A0E4	None	None	FFFF	FFFF	FFFF	0000	00	None
$05/$0C	DDF3	DE00	AA80	A0E4	A0E4	None	None	FFFF	FFFF	FFFF	0000	00	None
$05/$0C	DDF3	DE00	AAA4	A0E4	A0E4	None	None	FFFF	FFFF	FFFF	0000	00	None
$05/$0C	DDF3	DE00	AAD4	A0E4	A0E4	None	None	FFFF	FFFF	FFFF	0000	00	None
$05/$0D	DE23	DE30	default	A0F4	A0F4	None	None	FFFF	FFFF	FFFF	0000	00	None
$05/$0D	DE23	DE30	AABC	A0F4	A0F4	None	None	FFFF	FFFF	FFFF	0000	00	None
$05/$0E	DE4D	DE5A	default	A104	A104	None	None	FFFF	FFFF	FFFF	0000	00	None
$05/$0E	DE4D	DE5A	AA8C	A104	A104	None	None	FFFF	FFFF	FFFF	0000	00	None
$05/$0E	DE4D	DE5A	AAF8	A104	A104	None	None	FFFF	FFFF	FFFF	0000	00	None
$05/$0F	DE7A	DE87	default	A114	A114	None	None	FFFF	FFFF	FFFF	0000	00	None
$05/$0F	DE7A	DE87	AAEC	A114	A114	None	None	FFFF	FFFF	FFFF	0000	00	None
$05/$0F	DE7A	DE87	AB10	A114	A114	None	None	FFFF	FFFF	FFFF	0000	00	None
$05/$10	DEA7	DEB4	default	A124	A124	None	None	FFFF	FFFF	FFFF	0000	00	None
$05/$10	DEA7	DEB4	AB04	A124	A124	None	None	FFFF	FFFF	FFFF	0000	00	None
$05/$10	DEA7	DEB4	AB28	A124	A124	None	None	FFFF	FFFF	FFFF	0000	00	None
$05/$11	DEDE	DEEB	default	A134	A134	Acid	Acid	05E0	05E0	0010	0000	01	VisibleLavaOrAcid
$05/$11	DEDE	DEEB	8B6E	A134	A134	Acid	Acid	05E0	05E0	0010	0000	01	VisibleLavaOrAcid
$05/$11	DEDE	DEEB	AB1C	A134	A134	Acid	Acid	05E0	05E0	0010	0000	01	VisibleLavaOrAcid
$05/$12	DF1B	DF28	default	A144	none	None	None	0000	0000	0000	0000	00	None
$05/$12	DF1B	DF28	A99C	A144	none	None	None	0000	0000	0000	0000	00	None
$06/$00	DF45	DF57	default	A146	A146	CeresElevator	CeresElevator	FFFF	FFFF	FFFF	0000	00	NonLiquidFx
$06/$00	DF45	DF57	AB58	A146	A146	CeresElevator	CeresElevator	FFFF	FFFF	FFFF	0000	00	NonLiquidFx
$06/$00	DF45	DF71	default	A146	A146	CeresElevator	CeresElevator	FFFF	FFFF	FFFF	0000	00	NonLiquidFx
$06/$00	DF45	DF71	AB58	A146	A146	CeresElevator	CeresElevator	FFFF	FFFF	FFFF	0000	00	NonLiquidFx
$06/$01	DF8D	DF9F	default	A156	none	None	None	0000	0000	0000	0000	00	None
$06/$01	DF8D	DF9F	AB4C	A156	none	None	None	0000	0000	0000	0000	00	None
$06/$01	DF8D	DF9F	AB70	A156	none	None	None	0000	0000	0000	0000	00	None
$06/$01	DF8D	DFB9	default	A17E	none	None	None	0000	0000	0000	0000	00	None
$06/$01	DF8D	DFB9	AB4C	A17E	none	None	None	0000	0000	0000	0000	00	None
$06/$01	DF8D	DFB9	AB70	A17E	none	None	None	0000	0000	0000	0000	00	None
$06/$02	DFD7	DFE9	default	A158	none	None	None	0000	0000	0000	0000	00	None
$06/$02	DFD7	DFE9	AB64	A158	none	None	None	0000	0000	0000	0000	00	None
$06/$02	DFD7	DFE9	AB88	A158	none	None	None	0000	0000	0000	0000	00	None
$06/$02	DFD7	E003	default	A180	none	None	None	0000	0000	0000	0000	00	None
$06/$02	DFD7	E003	AB64	A180	none	None	None	0000	0000	0000	0000	00	None
$06/$02	DFD7	E003	AB88	A180	none	None	None	0000	0000	0000	0000	00	None
$06/$03	E021	E033	default	A15A	none	None	None	0000	0000	0000	0000	00	None
$06/$03	E021	E033	AB7C	A15A	none	None	None	0000	0000	0000	0000	00	None
$06/$03	E021	E033	ABA0	A15A	none	None	None	0000	0000	0000	0000	00	None
$06/$03	E021	E04D	default	A182	none	None	None	0000	0000	0000	0000	00	None
$06/$03	E021	E04D	AB7C	A182	none	None	None	0000	0000	0000	0000	00	None
$06/$03	E021	E04D	ABA0	A182	none	None	None	0000	0000	0000	0000	00	None
$06/$04	E06B	E07D	default	A15C	none	None	None	0000	0000	0000	0000	00	None
$06/$04	E06B	E07D	AB94	A15C	none	None	None	0000	0000	0000	0000	00	None
$06/$04	E06B	E07D	ABB8	A15C	none	None	None	0000	0000	0000	0000	00	None
$06/$04	E06B	E097	default	A184	none	None	None	0000	0000	0000	0000	00	None
$06/$04	E06B	E097	AB94	A184	none	None	None	0000	0000	0000	0000	00	None
$06/$04	E06B	E097	ABB8	A184	none	None	None	0000	0000	0000	0000	00	None
$06/$05	E0B5	E0C7	default	A15E	A15E	CeresRidley	CeresRidley	FFFF	FFFF	FFFF	0000	00	NonLiquidFx
$06/$05	E0B5	E0C7	ABAC	A15E	A15E	CeresRidley	CeresRidley	FFFF	FFFF	FFFF	0000	00	NonLiquidFx
$06/$05	E0B5	E0E1	default	A186	none	None	None	0000	0000	0000	0000	00	None
$06/$05	E0B5	E0E1	ABAC	A186	none	None	None	0000	0000	0000	0000	00	None
