frame,input
0,0000
1,0000
2,0000
3,0000
4,0000
5,0000
6,0000
7,0000
8,0000
9,0000
10,0000
11,0000
12,0000
13,0000
14,0000
15,0000
16,0000
17,0000
18,0000
19,0000
20,0000
21,0000
22,0000
23,0000
24,0000
25,0000
26,0000
27,0000
28,0000
29,0000
30,0000
31,0000
32,0000
33,0000
34,0000
35,0000
36,0000
37,0000
38,0000
39,0000
40,0000
41,0000
42,0000
43,0000
44,0000
45,0000
46,0000
47,0000
48,0000
49,0000
50,0000
51,0000
52,0000
53,0000
54,0000
55,0000
56,0000
57,0000
58,0000
59,0000
60,0000
61,0000
62,0000
63,0000
64,0000
65,0000
66,0000
67,0000
68,0000
69,0000
70,0000
71,0000
72,0000
73,0000
74,0000
75,0000
76,0000
77,0000
78,0000
79,0000
80,0000
81,0000
82,0000
83,0000
84,0000
85,0000
86,0000
87,0000
88,8000
89,8000
90,8000
91,8000
92,8100
93,8100
94,8100
95,8100
96,8100
97,8100
98,8100
99,8100
100,8180
101,8180
102,8180
103,8180
104,8180
105,8180
106,8180
107,8180
108,8100
109,8100
110,8100
111,8100
112,8100
113,8100
114,8100
115,8100
116,8100
117,8100
118,8100
119,8100
120,8000
121,8000
122,8000
123,8000
124,8000
125,8000
126,8000
127,8000
128,8000
129,8000
130,8000
131,8000
132,8000
133,8000
134,8000
135,8000
136,8000
137,8000
138,8000
139,8000
140,8000
141,8000
142,8000
143,8000
144,8000
145,8000
146,8000
147,8000
148,8000
149,8000
150,8000
151,8000
152,8000
153,8000
154,8000
155,8000
156,8000
157,8000
158,8000
159,8000
160,8000
161,8000
162,8000
163,8000
164,8000
165,8000
166,8000
167,8000
168,8000
169,8000
170,8000
171,8000
172,8000
173,8000
174,8000
175,8000
176,8000
177,8000
178,8000
179,8000
180,8000
181,8000
182,8000
183,8000
184,8000
185,8000
186,8000
187,8000
188,8000
189,8000
190,8000
191,8000
192,8000
193,8000
194,8000
195,8000
196,8000
197,8000
198,8000
199,8000
200,8000
201,8000
202,8000
203,8000
204,8000
205,8000
206,8000
207,8000
208,8000
209,8000
210,8000
211,8000
212,8000
213,8000
214,8000
215,8000
216,8000
217,8000
218,8000
219,8000
220,8000
221,8000
222,8000
223,8000
224,8000
225,8000
226,8000
227,8000
228,8000
229,8000
230,8000
231,8000
232,8000
233,8000
234,8000
235,8000
236,8000
237,8000
238,8000
239,8000
240,8000
241,8000
242,8000
243,8000
244,8000
245,8000
246,8000
247,8000
248,8000
249,8000
250,8000
251,8000
252,8000
253,8000
254,8000
255,8000
256,8000
257,8000
258,8000
259,8000
260,8000
261,8000
262,8000
263,8000
264,8000
265,8000
266,8000
267,8000
268,8000
269,8000
270,8000
271,8000
272,8000
273,8000
274,8000
275,8000
276,8000
277,8000
278,8000
279,8000
280,8000
281,8000
282,8000
283,8000
284,8000
285,8100
286,8100
287,8100
288,8100
289,8100
290,8100
291,8100
292,8100
293,8100
294,8100
295,8100
296,8100
297,8100
298,8100
299,8100
300,8100
301,8100
302,8100
303,8100
304,8100
305,8100
306,8100
307,8100
308,8100
309,8100
310,8100
311,8100
312,8100
313,8100
314,8000
315,8000
316,8000
317,8800
318,8800
319,8800
320,8800
321,8800
322,8800
323,8000
324,8000
325,8000
326,8000
327,8000
328,8000
329,8100
330,8100
331,8100
332,8100
333,8100
334,8100
335,8100
336,8100
337,8100
338,8100
339,8100
340,8100
341,8100
342,8100
343,8100
344,8100
345,8100
346,8100
347,8100
348,8100
349,8100
350,8100
351,8100
352,8000
353,8000
354,8000
355,8000
356,8000
357,8000
358,8000
359,8000
360,8000
361,8000
362,8000
363,8000
364,8000
365,8000
366,8000
367,8000
368,8000
369,8000
370,8000
371,8000
372,8000
373,8000
374,8040
375,8040
376,8040
377,8040
378,8040
379,8040
380,8040
381,8040
382,8000
383,8000
384,8000
385,8100
386,8100
387,8100
388,8100
389,8180
390,8180
391,8180
392,8180
393,8180
394,8180
395,8180
396,8180
397,8180
398,8180
399,8180
400,8180
401,8180
402,8180
403,8180
404,8180
405,8180
406,8180
407,8180
408,8180
409,8180
410,8180
411,8180
412,8180
413,8180
414,8180
415,8180
416,8180
417,8180
418,8180
419,8180
420,8180
421,8180
422,8180
423,8180
424,8180
425,8180
426,8180
427,8180
428,8180
429,8180
430,8180
431,8180
432,8180
433,8180
434,8180
435,8180
436,8180
437,8180
438,8180
439,8180
440,8180
441,8180
442,8180
443,8100
444,8100
445,8100
446,8100
447,8100
448,8100
449,8100
450,8100
451,8100
452,8100
453,8100
454,8100
455,8100
456,8100
457,8180
458,8180
459,8180
460,8180
461,8180
462,8180
463,8180
464,8100
465,8100
466,8100
467,8100
468,8100
469,8100
470,8100
471,8100
472,8100
473,8100
474,8100
475,8100
476,8100
477,8100
478,8100
479,8100
480,8100
481,8100
482,8100
483,8100
484,8100
485,8100
486,8100
487,8100
488,8100
489,8100
490,8100
491,8100
492,8100
493,8100
494,8100
495,8100
496,8100
497,8100
498,8000
499,8000
500,8000
501,8200
502,8200
503,8200
504,8A00
505,8A00
506,8A00
507,8800
508,8800
509,8800
510,8800
511,8000
512,8000
513,8000
514,8000
515,8000
516,8000
517,8000
518,8000
519,8000
520,8000
521,8000
522,8000
523,8000
524,8000
525,8000
526,8000
527,8000
528,8000
529,8040
530,8040
531,8040
532,8040
533,8040
534,8040
535,8040
536,8040
537,8040
538,8040
539,8040
540,8040
541,8040
542,8040
543,8040
544,8040
545,8040
546,8040
547,8040
548,8040
549,8040
550,8040
551,8040
552,8040
553,8040
554,8040
555,8040
556,8040
557,8040
558,8040
559,8040
560,8040
561,8040
562,8040
563,8040
564,8040
565,8040
566,8040
567,8040
568,8040
569,8040
570,8040
571,8040
572,8040
573,8040
574,8040
575,8040
576,8040
577,8040
578,8040
579,8040
580,8040
581,8040
582,8040
583,8040
584,8040
585,8040
586,8040
587,8040
588,8040
589,8040
590,8040
591,8040
592,8040
593,8040
594,8040
595,8040
596,8040
597,8040
598,8040
599,8040
600,8040
601,8040
602,8040
603,8040
604,8040
605,8040
606,8040
607,8040
608,8040
609,8040
610,8040
611,8040
612,8040
613,8040
614,8040
615,8040
616,8040
617,8040
618,8040
619,9040
620,9040
621,9040
622,9040
623,9040
624,9040
625,9040
626,8040
627,8040
628,8040
629,8040
630,8040
631,8040
632,8040
633,8040
634,8040
635,8040
636,8040
637,8040
638,8040
639,8040
640,8040
641,8040
642,8040
643,8040
644,8040
645,8040
646,8040
647,8040
648,8040
649,8040
650,8040
651,8040
652,8040
653,8040
654,8040
655,8040
656,8040
657,8040
658,8040
659,8040
660,8040
661,8040
662,8040
663,8040
664,8040
665,8040
666,8040
667,8040
668,8040
669,8040
670,8040
671,8040
672,8040
673,8040
674,8040
675,8040
676,8040
677,8040
678,8040
679,8040
680,8040
681,8040
682,8040
683,8040
684,8040
685,8040
686,8040
687,8050
688,8050
689,8050
690,8050
691,8050
692,8050
693,8050
694,8050
695,8050
696,8050
697,8050
698,8050
699,8050
700,8050
701,8050
702,8050
703,8050
704,8050
705,8050
706,8040
707,8040
708,8040
709,8040
710,8040
711,8040
712,8040
713,8040
714,8040
715,8040
716,8040
717,8040
718,8040
719,8040
720,8040
721,8040
722,8040
723,8040
724,8040
725,8040
726,8040
727,8040
728,8040
729,8040
730,8040
731,8040
732,8040
733,8040
734,8040
735,8040
736,8040
737,8040
738,8040
739,8040
740,8040
741,8040
742,8040
743,8040
744,8040
745,8040
746,8040
747,8040
748,8040
749,8040
750,8040
751,8040
752,8040
753,8040
754,8040
755,8040
756,8040
757,8040
758,8040
759,8040
760,8040
761,8040
762,8040
763,8040
764,8040
765,8040
766,8040
767,8440
768,8440
769,8440
770,8440
771,8440
772,8440
773,8440
774,8040
775,8040
776,8040
777,8040
778,8040
779,8040
780,8040
781,8040
782,8440
783,8440
784,8440
785,8440
786,8440
787,8440
788,8040
789,8040
790,8040
791,8040
792,8040
793,8040
794,8040
795,8040
796,8040
797,8040
798,8040
799,8040
800,8040
801,8040
802,8040
803,8040
804,8040
805,8040
806,8040
807,8040
808,8040
809,8040
810,8040
811,8040
812,8040
813,8040
814,8040
815,8040
816,8040
817,8040
818,8040
819,8040
820,8040
821,8040
822,8040
823,8040
824,8040
825,8040
826,8040
827,8040
828,8040
829,8040
830,8040
831,8040
832,8040
833,8040
834,8040
835,8040
836,8040
837,8040
838,8040
839,8040
840,8040
841,8040
842,8040
843,8040
844,8040
845,8040
846,8040
847,8040
848,8040
849,8040
850,8040
851,8040
852,8040
853,8040
854,8040
855,8040
856,8040
857,8040
858,8040
859,8040
860,8040
861,8040
862,8040
863,8040
864,8040
865,8040
866,8040
867,8040
868,8040
869,8040
870,8040
871,8040
872,8040
873,8040
874,8040
875,8040
876,8040
877,8040
878,8040
879,8040
880,8040
881,8040
882,8040
883,8040
884,8040
885,8040
886,8040
887,8040
888,8040
889,8040
890,8040
891,8040
892,8040
893,8040
894,8040
895,8040
896,8040
897,8040
898,8040
899,8040
900,8040
901,8040
902,8040
903,8040
904,8040
905,8040
906,8040
907,8040
908,8040
909,8040
910,8040
911,8040
912,8040
913,8040
914,8040
915,8040
916,8040
917,8040
918,8040
919,8040
920,8040
921,8040
922,8040
923,0040
924,0040
925,0040
926,0040
927,0040
928,0040
929,0040
930,0040
931,0040
932,0040
933,0040
934,0040
935,0040
936,0040
937,0040
938,0040
939,0040
940,0040
941,0040
942,0040
943,0040
944,0040
945,0040
946,0040
947,0040
948,0040
949,0040
950,0040
951,0040
952,0040
953,0040
954,0040
955,0040
956,8000
957,8000
958,8000
959,8000
960,8000
961,8000
962,8000
963,8000
964,8000
965,8000
966,8000
967,8000
968,8000
969,8000
970,8000
971,8000
972,8000
973,8000
974,8000
975,8000
976,0000
977,0000
978,0400
979,0400
980,0400
981,0000
982,0000
983,0000
984,0400
985,0000
986,0000
987,0000
988,0080
989,0080
990,0080
991,0000
992,0100
993,0000
994,0000
995,0400
996,0400
997,0400
998,0000
999,0000
1000,0000
1001,0000
1002,0400
1003,0400
1004,0400
1005,0400
1006,0000
1007,0000
1008,0000
1009,0000
1010,0400
1011,0400
1012,0400
1013,0400
1014,0400
1015,0000
1016,0000
1017,0000
1018,0000
1019,0280
1020,0280
1021,0280
1022,0280
1023,0280
1024,0280
1025,0280
1026,0280
1027,0280
1028,0280
1029,0280
1030,0280
1031,0280
1032,0000
1033,0000
1034,0000
1035,0000
1036,0000
1037,0000
1038,0000
1039,0000
1040,0000
1041,0000
1042,0000
1043,0000
1044,0000
1045,0000
1046,0000
1047,0000
1048,0000
1049,0000
1050,0000
1051,0000
1052,0000
1053,0000
1054,0000
1055,0000
1056,0000
1057,0000
1058,0000
1059,0000
1060,0000
1061,0000
1062,0000
1063,0000
1064,0000
1065,0000
1066,0000
1067,0000
1068,0000
1069,0000
1070,0000
1071,0000
1072,0000
1073,0000
1074,0000
1075,0000
1076,0000
1077,0000
1078,0000
1079,0000
1080,0000
1081,0000
1082,0000
1083,0000
1084,0040
1085,0040
1086,0040
1087,0040
1088,0040
1089,0040
1090,0040
1091,0040
1092,0040
1093,0040
1094,0040
1095,0040
1096,0040
1097,0040
1098,0040
1099,0040
1100,0040
1101,0040
1102,0040
1103,0040
1104,0040
1105,0040
1106,0040
1107,0040
1108,0040
1109,0040
1110,0040
1111,0040
1112,0040
1113,0040
1114,0040
1115,0040
1116,0040
1117,0040
1118,0040
1119,0040
1120,0040
1121,0040
1122,0040
1123,0040
1124,0040
1125,0040
1126,0040
1127,0040
1128,0040
1129,0040
1130,0040
1131,0040
1132,0040
1133,0040
1134,0040
1135,0040
1136,0040
1137,0040
1138,0040
1139,0040
1140,0040
1141,0040
1142,0040
1143,0040
1144,0040
1145,0040
1146,0040
1147,0040
1148,0040
1149,0040
1150,0040
1151,0040
1152,0040
1153,0040
1154,0040
1155,0040
1156,0040
1157,0040
1158,0040
1159,1040
1160,1040
1161,1040
1162,1040
1163,1040
1164,1040
1165,1040
1166,0040
1167,0040
1168,0040
1169,0040
1170,0040
1171,0040
1172,0040
1173,0040
1174,0040
1175,0040
1176,0040
1177,0040
1178,0040
1179,0040
1180,0040
1181,0040
1182,0040
1183,0040
1184,0040
1185,0040
1186,0040
1187,0040
1188,0040
1189,0040
1190,0040
1191,0040
1192,0040
1193,0040
1194,0040
1195,0040
1196,0040
1197,0040
1198,0040
1199,0040
1200,0040
1201,0040
1202,0040
1203,0040
1204,0040
1205,0040
1206,0040
1207,0040
1208,0040
1209,0040
1210,0040
1211,0040
1212,0040
1213,0040
1214,0040
1215,0040
1216,0040
1217,0040
1218,0040
1219,0040
1220,0040
1221,0040
1222,0040
1223,0040
1224,0040
1225,0040
1226,0040
1227,0040
1228,0040
1229,0040
1230,0040
1231,0040
1232,0040
1233,0040
1234,0040
1235,0040
1236,0040
1237,0040
1238,0040
1239,0040
1240,0040
1241,0040
1242,0040
1243,0040
1244,0040
1245,0040
1246,0040
1247,0040
1248,0040
1249,0040
1250,0040
1251,0040
1252,0040
1253,0040
1254,0040
1255,0040
1256,0040
1257,0040
1258,0040
1259,0040
1260,0040
1261,0040
1262,0040
1263,0040
1264,0040
1265,0040
1266,0040
1267,0040
1268,0040
1269,0040
1270,0040
1271,0040
1272,0040
1273,0040
1274,0040
1275,0040
1276,0040
1277,0040
1278,0040
1279,0040
1280,0040
1281,0040
1282,0040
1283,0040
1284,0040
1285,0000
1286,0000
1287,0000
1288,0000
1289,0000
1290,0000
1291,0000
1292,0000
1293,0000
1294,0000
1295,0000
1296,0000
1297,0000
1298,0000
1299,0000
1300,0000
1301,0000
1302,0000
1303,0000
1304,0000
1305,0000
1306,0000
1307,0000
1308,0000
1309,0000
1310,0000
1311,0000
1312,0000
1313,0000
1314,0000
1315,0000
1316,0000
1317,0000
1318,0000
1319,0000
1320,0000
1321,0000
1322,0000
1323,0000
1324,0000
1325,0000
1326,0000
1327,0000
1328,0000
1329,0000
1330,0000
1331,0000
1332,0000
1333,0000
1334,1000
1335,1000
1336,1000
1337,1000
1338,1000
1339,1000
1340,1000
1341,1000
1342,1000
1343,0000
1344,0000
1345,0000
1346,0000
1347,0000
1348,0000
1349,0000
1350,0000
1351,0000
1352,0000
1353,0000
1354,0000
1355,0000
1356,0000
1357,0000
1358,0000
1359,0000
1360,0000
1361,0000
1362,0000
1363,0000
1364,0000
1365,0000
1366,0000
1367,0000
1368,0000
1369,0000
1370,0000
1371,0000
1372,0000
1373,0000
1374,0000
1375,0000
1376,0000
1377,0000
1378,0000
1379,0000
1380,0000
1381,0000
1382,0000
1383,0000
1384,0000
1385,0000
1386,0000
1387,0000
1388,0000
1389,0000
1390,0000
1391,0000
1392,0000
1393,0000
1394,0000
1395,0000
1396,0000
1397,0000
1398,0000
1399,0000
1400,0000
1401,0000
1402,0000
1403,0000
1404,0000
1405,0000
1406,0000
1407,0000
1408,0000
1409,0000
1410,0000
1411,0000
1412,0000
1413,0000
1414,0000
1415,0000
1416,0000
1417,0000
1418,0000
1419,0000
1420,0000
1421,0000
1422,0000
1423,0000
1424,0000
1425,0000
1426,0000
1427,0000
1428,0000
1429,0000
1430,0000
1431,0000
1432,0000
1433,0000
1434,0000
1435,0000
1436,0000
1437,0000
1438,0000
1439,0000
1440,0000
1441,0000
1442,0000
1443,0000
1444,0000
1445,0000
1446,0000
1447,0000
1448,0000
1449,0000
1450,0000
1451,0000
1452,0000
1453,0000
1454,0000
1455,0000
1456,0000
1457,0000
1458,0000
1459,0000
1460,0000
1461,0000
1462,0000
1463,0000
1464,0000
1465,0000
1466,0000
1467,0000
1468,0000
1469,0000
1470,0000
1471,0000
1472,0000
1473,0000
1474,0000
1475,0000
1476,0000
1477,0000
1478,0000
1479,0000
1480,0000
1481,0000
1482,0000
1483,0000
1484,0000
1485,0000
1486,0000
1487,0000
1488,0000
1489,0000
1490,0000
1491,0000
1492,0000
1493,0000
1494,0000
1495,0000
1496,0000
1497,0000
1498,0000
1499,0000
1500,0000
1501,0000
1502,0010
1503,0010
1504,0010
1505,0010
1506,0010
1507,0010
1508,0010
1509,0010
1510,0010
1511,0000
1512,0000
1513,0000
1514,0000
1515,0000
1516,0000
1517,0000
1518,0000
1519,0000
1520,0000
1521,0000
1522,0000
1523,0000
1524,0000
1525,0000
1526,0000
1527,0000
1528,0000
1529,0000
1530,0000
1531,0000
1532,0000
1533,0000
1534,0000
1535,0000
1536,0000
1537,0000
1538,0000
1539,0000
1540,0000
1541,0000
1542,0000
1543,0000
1544,0000
1545,0000
1546,0000
1547,0000
1548,0000
1549,0000
1550,0000
1551,0000
1552,0000
1553,0000
1554,0000
1555,0000
1556,0000
1557,0000
1558,0000
1559,0000
1560,0000
1561,0000
1562,0000
1563,0000
1564,0400
1565,0400
1566,0400
1567,0400
1568,0400
1569,0400
1570,0400
1571,0400
1572,0000
1573,0000
1574,0000
1575,0000
1576,0000
1577,0000
1578,0400
1579,0400
1580,0400
1581,0400
1582,0400
1583,0400
1584,0400
1585,0000
1586,0000
1587,0000
1588,0000
1589,0000
1590,0000
1591,0000
1592,0000
1593,0000
1594,0000
1595,0000
1596,0000
1597,0000
1598,0000
1599,0000
1600,0080
1601,0080
1602,0080
1603,0080
1604,0080
1605,0080
1606,0080
1607,0000
1608,0000
1609,0000
1610,0000
1611,0000
1612,0000
1613,0000
1614,0000
1615,0000
1616,0000
1617,0000
1618,0000
1619,0000
1620,0000
1621,0000
1622,0000
1623,0000
1624,0000
1625,0000
1626,0000
1627,0000
1628,0000
1629,0000
1630,0000
1631,0000
1632,0000
1633,0000
1634,0000
1635,0000
1636,0000
1637,0000
1638,1000
1639,1000
1640,1000
1641,1000
1642,1000
1643,1000
1644,1000
1645,1000
1646,1000
1647,1000
1648,0000
1649,0000
1650,0000
1651,0000
1652,0000
1653,0000
1654,0000
1655,0000
1656,0000
1657,0000
1658,0000
1659,0000
1660,0000
1661,0000
1662,0000
1663,0000
1664,0000
1665,0000
1666,0000
1667,0000
1668,0000
1669,0000
1670,0000
1671,0000
1672,0000
1673,0000
1674,0000
1675,0000
1676,0000
1677,0000
1678,0000
1679,0000
1680,0000
1681,0000
1682,0000
1683,0000
1684,0000
1685,0000
1686,0000
1687,0000
1688,0000
1689,0000
1690,0000
1691,0000
1692,0000
1693,0000
1694,0000
1695,0000
1696,0000
1697,0000
1698,0000
1699,0000
1700,0000
1701,0000
1702,0000
1703,0000
1704,0000
1705,0000
1706,0000
1707,0000
1708,0000
1709,0000
1710,0000
1711,0000
1712,0000
1713,0000
1714,0000
1715,0000
1716,0000
1717,0000
1718,0000
1719,0000
1720,0000
1721,0000
1722,0000
1723,0000
1724,0000
1725,0000
1726,0000
1727,0000
1728,0000
1729,0000
1730,0000
1731,0000
1732,0000
1733,0000
1734,0000
1735,0000
1736,0000
1737,0000
1738,0000
1739,0000
1740,0000
1741,0000
1742,0000
1743,0400
1744,0400
1745,0400
1746,0400
1747,0400
1748,0400
1749,0400
1750,0000
1751,0000
1752,0000
1753,0000
1754,0000
1755,0400
1756,0400
1757,0400
1758,0400
1759,0400
1760,0400
1761,0500
1762,0500
1763,0500
1764,0100
1765,0100
1766,0100
1767,0100
1768,0100
1769,0100
1770,0100
1771,0100
1772,0100
1773,0100
1774,0100
1775,0100
1776,0100
1777,0100
1778,0100
1779,0100
1780,0100
1781,0100
1782,0100
1783,0100
1784,0100
1785,0100
1786,0100
1787,0100
1788,0100
1789,0100
1790,0100
1791,0100
1792,0100
1793,0100
1794,0100
1795,0100
1796,0100
1797,0100
1798,0100
1799,0100
1800,0100
1801,0100
1802,0100
1803,0100
1804,0100
1805,0100
1806,0100
1807,0100
1808,0100
1809,0100
1810,0100
1811,0100
1812,0100
1813,0100
1814,0100
1815,0100
1816,0100
1817,0100
1818,0100
1819,0100
1820,0100
1821,0100
1822,0100
1823,0100
1824,0100
1825,0100
1826,0100
1827,0100
1828,0100
1829,0100
1830,0100
1831,0100
1832,0100
1833,0100
1834,0100
1835,0100
1836,0100
1837,0100
1838,0100
1839,0100
1840,0100
1841,0100
1842,0100
1843,0100
1844,0100
1845,0100
1846,0100
1847,0100
1848,0100
1849,0100
1850,0100
1851,0100
1852,0100
1853,0100
1854,0100
1855,0100
1856,0100
1857,0100
1858,0100
1859,0100
1860,0100
1861,0100
1862,0100
1863,0100
1864,0100
1865,0100
1866,0100
1867,0100
1868,0100
1869,0100
1870,0100
1871,0100
1872,0100
1873,0100
1874,0100
1875,0100
1876,0100
1877,0100
1878,0100
1879,0100
1880,0100
1881,0100
1882,0100
1883,0100
1884,0100
1885,0100
1886,0100
1887,0100
1888,0100
1889,0100
1890,0100
1891,0100
1892,0100
1893,0100
1894,0100
1895,0100
1896,0100
1897,0100
1898,0100
1899,0100
1900,0100
1901,0100
1902,0100
1903,0100
1904,0100
1905,0100
1906,0100
1907,0100
1908,0100
1909,0100
1910,0100
1911,0100
1912,0100
1913,0100
1914,0100
1915,0000
1916,0000
1917,0000
1918,0000
1919,0000
1920,0000
1921,0200
1922,0200
1923,0200
1924,0A00
1925,0A00
1926,0A00
1927,0A00
1928,0A00
1929,0A00
1930,0A00
1931,0200
1932,0200
1933,0200
1934,0200
1935,0200
1936,0200
1937,0200
1938,0200
1939,0200
1940,0200
1941,0200
1942,0200
1943,0200
1944,0000
1945,0000
1946,0000
1947,0000
1948,0000
1949,0000
1950,0000
1951,0000
1952,0000
1953,0000
1954,0000
1955,0000
1956,0000
1957,0000
1958,0400
1959,0400
1960,0400
1961,0400
1962,0400
1963,0000
1964,0000
1965,0000
1966,0000
1967,0000
1968,0000
1969,0400
1970,0400
1971,0400
1972,0400
1973,0500
1974,0500
1975,0500
1976,0100
1977,0100
1978,0100
1979,0100
1980,0100
1981,0100
1982,0100
1983,0100
1984,0100
1985,0100
1986,0100
1987,0100
1988,0100
1989,0100
1990,0100
1991,0100
1992,0100
1993,0100
1994,0100
1995,0100
1996,0100
1997,0100
1998,0100
1999,0100
2000,0100
2001,0100
2002,0100
2003,0100
2004,0100
2005,0100
2006,0100
2007,0100
2008,0100
2009,0100
2010,0100
2011,0100
2012,0100
2013,0100
2014,0100
2015,0100
2016,0100
2017,0100
2018,0100
2019,0100
2020,0100
2021,0100
2022,0100
2023,0100
2024,0100
2025,0100
2026,0100
2027,0100
2028,0100
2029,0100
2030,0100
2031,0100
2032,0100
2033,0100
2034,0100
2035,0100
2036,0100
2037,0100
2038,0100
2039,0100
2040,0100
2041,0100
2042,0100
2043,0100
2044,0100
2045,0100
2046,0100
2047,0100
2048,0100
2049,0100
2050,0100
2051,0100
2052,0100
2053,0100
2054,0100
2055,0100
2056,0100
2057,0100
2058,0100
2059,0100
2060,0100
2061,0100
2062,0100
2063,0100
2064,0100
2065,0100
2066,0100
2067,0100
2068,0100
2069,0100
2070,0100
2071,0100
2072,0100
2073,0100
2074,0100
2075,0100
2076,0100
2077,0100
2078,0100
2079,0100
2080,0100
2081,0100
2082,0100
2083,0100
2084,0100
2085,0100
2086,0100
2087,0100
2088,0100
2089,0100
2090,0100
2091,0100
2092,0100
2093,0100
2094,0100
2095,0100
2096,0100
2097,0100
2098,0100
2099,0100
2100,0100
2101,0100
2102,0100
2103,0100
2104,0100
2105,0100
2106,0100
2107,0100
2108,0100
2109,0100
2110,0100
2111,0100
2112,0100
2113,0100
2114,0100
2115,0100
2116,0100
2117,0100
2118,0100
2119,0100
2120,0100
2121,0100
2122,0100
2123,0100
2124,0100
2125,0100
2126,0100
2127,0100
2128,0100
2129,0100
2130,0100
2131,0100
2132,0100
2133,0100
2134,0100
2135,0100
2136,0100
2137,0100
2138,0100
2139,0100
2140,0100
2141,0100
2142,0100
2143,0100
2144,0100
2145,0100
2146,0100
2147,0100
2148,0100
2149,0100
2150,0100
2151,0100
2152,0100
2153,0100
2154,0100
2155,0100
2156,0100
2157,0100
2158,0100
2159,0100
2160,0100
2161,0100
2162,0100
2163,0100
2164,0100
2165,0100
2166,0100
2167,0100
2168,0100
2169,0100
2170,0100
2171,0100
2172,0100
2173,0100
2174,0100
2175,0100
2176,0100
2177,0100
2178,0100
2179,0100
2180,0100
2181,0100
2182,0100
2183,0100
2184,0100
2185,0100
2186,0100
2187,0100
2188,0100
2189,0100
2190,0100
2191,0100
2192,0100
2193,0100
2194,0100
2195,0100
2196,0100
2197,0100
2198,0100
2199,0100
2200,0100
2201,0100
2202,0100
2203,0100
2204,0100
2205,0100
2206,0100
2207,0100
2208,0100
2209,0100
2210,0100
2211,0100
2212,0100
2213,0100
2214,0100
2215,0100
2216,0100
2217,0100
2218,0100
2219,0100
2220,0100
2221,0100
2222,0100
2223,0100
2224,0100
2225,0100
2226,0100
2227,0100
2228,0100
2229,0100
2230,0100
2231,0100
2232,0100
2233,0100
2234,0100
2235,0100
2236,0100
2237,0100
2238,0100
2239,0100
2240,0100
2241,0100
2242,0100
2243,0100
2244,0100
2245,0100
2246,0100
2247,0100
2248,0100
2249,0100
2250,0100
2251,0100
2252,0100
2253,0100
2254,0100
2255,0100
2256,0100
2257,0100
2258,0100
2259,0100
2260,0100
2261,0100
2262,0100
2263,0100
2264,0100
2265,0100
2266,0100
2267,0100
2268,0100
2269,0100
2270,0100
2271,0100
2272,0100
2273,0100
2274,0100
2275,0100
2276,0100
2277,0100
2278,0100
2279,0100
2280,0100
2281,0100
2282,0100
2283,0100
2284,0100
2285,0100
2286,0100
2287,0100
2288,0100
2289,0100
2290,0100
2291,0100
2292,0100
2293,0100
2294,0100
2295,0100
2296,0100
2297,0100
2298,0100
2299,0100
2300,0100
2301,0100
2302,0100
2303,0100
2304,0100
2305,0100
2306,0100
2307,0100
2308,0100
2309,0100
2310,0100
2311,0100
2312,0100
2313,0100
2314,0100
2315,0100
2316,0100
2317,0100
2318,0100
2319,0100
2320,0100
2321,0100
2322,0100
2323,0100
2324,0100
2325,0100
2326,0100
2327,0100
2328,0100
2329,0100
2330,0100
2331,0100
2332,0100
2333,0100
2334,0100
2335,0100
2336,0100
2337,0100
2338,0100
2339,0100
2340,0100
2341,0100
2342,0100
2343,0100
2344,0100
2345,0100
2346,0100
2347,0100
2348,0100
2349,0100
2350,0100
2351,0100
2352,0100
2353,0100
2354,0100
2355,0100
2356,0100
2357,0100
2358,0100
2359,0100
2360,0100
2361,0100
2362,0100
2363,0100
2364,0100
2365,0100
2366,0100
2367,0100
2368,0100
2369,0100
2370,0100
2371,0100
2372,0100
2373,0100
2374,0100
2375,0100
2376,0100
2377,0100
2378,0100
2379,0100
2380,0100
2381,0100
2382,0100
2383,0100
2384,0100
2385,0100
2386,0100
2387,0100
2388,0100
2389,0100
2390,0100
2391,0100
2392,0100
2393,0100
2394,0100
2395,0100
2396,0100
2397,0100
2398,0100
2399,0100
2400,0100
2401,0100
2402,0100
2403,0100
2404,0100
2405,0100
2406,0100
2407,0100
2408,0100
2409,0100
2410,0100
2411,0100
2412,0100
2413,0100
2414,0100
2415,0100
2416,0100
2417,0100
2418,0100
2419,0100
2420,0100
2421,0100
2422,0100
2423,0100
2424,0100
2425,0100
2426,0100
2427,0100
2428,0100
2429,0100
2430,0100
2431,0100
2432,0100
2433,0100
2434,0100
2435,0100
2436,0100
2437,0100
2438,0100
2439,0100
2440,0100
2441,0100
2442,0100
2443,0100
2444,0100
2445,0100
2446,0100
2447,0100
2448,0100
2449,0100
2450,0100
2451,0100
2452,0100
2453,0100
2454,0100
2455,0100
2456,0100
2457,0100
2458,0100
2459,0100
2460,0100
2461,0100
2462,0100
2463,0100
2464,0100
2465,0100
2466,0100
2467,0100
2468,0100
2469,0100
2470,0100
2471,0100
2472,0100
2473,0100
2474,0100
2475,0100
2476,0100
2477,0100
2478,0100
2479,0100
2480,0100
2481,0100
2482,0100
2483,0100
2484,0100
2485,0100
2486,0100
2487,0100
2488,0100
2489,0100
2490,0100
2491,0100
2492,0100
2493,0100
2494,0100
2495,0100
2496,0100
2497,0100
2498,0100
2499,0100
2500,0100
2501,0100
2502,0100
2503,0100
2504,0100
2505,0100
2506,0100
2507,0100
2508,0100
2509,0100
2510,0100
2511,0100
2512,0100
2513,0100
2514,0100
2515,0100
2516,0100
2517,0100
2518,0100
2519,0100
2520,0100
2521,0100
2522,0100
2523,0100
2524,0100
2525,0100
2526,0100
2527,0100
2528,0100
2529,0100
2530,0100
2531,0100
2532,0100
2533,0100
2534,0100
2535,0100
2536,0100
2537,0100
2538,0100
2539,0100
2540,0100
2541,0100
2542,0100
2543,0100
2544,0100
2545,0100
2546,0100
2547,0100
2548,0100
2549,0100
2550,0100
2551,0100
2552,0100
2553,0100
2554,0100
2555,0100
2556,0100
2557,0100
2558,0100
2559,0100
2560,0100
2561,0100
2562,0100
2563,0100
2564,0100
2565,0100
2566,0100
2567,0100
2568,0100
2569,0100
2570,0100
2571,0100
2572,0100
2573,0100
2574,0100
2575,0100
2576,0100
2577,0100
2578,0100
2579,0100
2580,0100
2581,0100
2582,0100
2583,0100
2584,0100
2585,0100
2586,0100
2587,0100
2588,0100
2589,0100
2590,0100
2591,0100
2592,0100
2593,0100
2594,0100
2595,0100
2596,0100
2597,0100
2598,0100
2599,0100
2600,0100
2601,0100
2602,0100
2603,0100
2604,0100
2605,0100
2606,0100
2607,0100
2608,0100
2609,0100
2610,0100
2611,0100
2612,0100
2613,0100
2614,0100
2615,0100
2616,0100
2617,0100
2618,0100
2619,0100
2620,0100
2621,0100
2622,0100
2623,0100
2624,0100
2625,0100
2626,0100
2627,0100
2628,0100
2629,0100
2630,0100
2631,0100
2632,0100
2633,0100
2634,0100
2635,0100
2636,0100
2637,0100
2638,0100
2639,0100
2640,0100
2641,0100
2642,0100
2643,0100
2644,0100
2645,0100
2646,0100
2647,0100
2648,0100
2649,0100
2650,0100
2651,0100
2652,0100
2653,0100
2654,0100
2655,0100
2656,0100
2657,0100
2658,0100
2659,0000
2660,0000
2661,0000
2662,0000
2663,0000
2664,0000
2665,0000
2666,0000
2667,0000
2668,0000
2669,0000
2670,0000
2671,0000
2672,0000
2673,0000
2674,0000
2675,0000
2676,0000
2677,0000
2678,0000
2679,0000
2680,0000
2681,0000
2682,0000
2683,0000
2684,0000
2685,0000
2686,0000
2687,0000
2688,0000
2689,0000
2690,0000
2691,0000
2692,0000
2693,0000
2694,0000
2695,0000
2696,0000
2697,0000
2698,0000
2699,0000
2700,0000
2701,0000
2702,0000
2703,0000
2704,0000
2705,0000
2706,0000
2707,0000
2708,0000
2709,0000
2710,0000
2711,0000
2712,0000
2713,0000
2714,0000
2715,0000
2716,0000
2717,0000
2718,0000
2719,0000
2720,0000
2721,0000
2722,0000
2723,0000
2724,0000
2725,0000
2726,0000
2727,0000
2728,0000
2729,0000
2730,0000
2731,0000
2732,0000
2733,0000
2734,0000
2735,0000
2736,0000
2737,0000
2738,0000
2739,0000
2740,0000
2741,0000
2742,0000
2743,0000
2744,0000
2745,0000
2746,0000
2747,0000
2748,0000
2749,0000
2750,0000
2751,0000
2752,0000
2753,0000
2754,0000
2755,0000
2756,0000
2757,0200
2758,0200
2759,0200
2760,0000
2761,0000
2762,0000
2763,0000
2764,0000
2765,0000
2766,0000
2767,0000
2768,0000
2769,0000
2770,0000
2771,0000
2772,0000
2773,0000
2774,0000
2775,0800
2776,0800
2777,0800
2778,0800
2779,0800
2780,0000
2781,0000
2782,0000
2783,0000
2784,0000
2785,0000
2786,0000
2787,0000
2788,0800
2789,0800
2790,0800
2791,0800
2792,0800
2793,0800
2794,0800
2795,0000
2796,0000
2797,0000
2798,0000
2799,0000
2800,0000
2801,0000
2802,0000
2803,0000
2804,0000
2805,0000
2806,0000
2807,0000
2808,0000
2809,0000
2810,0000
2811,0000
2812,0000
2813,0000
2814,0000
2815,0000
2816,0000
2817,0000
2818,0000
2819,0000
2820,0000
2821,0000
2822,0000
2823,0000
2824,0000
2825,0000
2826,0000
2827,0000
2828,0000
2829,0000
2830,0000
2831,0000
2832,0000
2833,0000
2834,0000
2835,0000
2836,0000
2837,0000
2838,0000
2839,0000
2840,0000
2841,0000
2842,0000
2843,0000
2844,0000
2845,0000
2846,0000
2847,0000
2848,0000
2849,0000
2850,0000
2851,0000
2852,0000
2853,0000
2854,0000
2855,0000
2856,0000
2857,0000
2858,0000
2859,0000
2860,0000
2861,0000
2862,0000
2863,0000
2864,0000
2865,0000
2866,0000
2867,0000
2868,2000
2869,2000
2870,2000
2871,2000
2872,2000
2873,2000
2874,2000
2875,0000
2876,0000
2877,0000
2878,0000
2879,0000
2880,0000
2881,0000
2882,0000
2883,0000
2884,0000
2885,0000
2886,0000
2887,0000
2888,2000
2889,2000
2890,2000
2891,2000
2892,2000
2893,2000
2894,0000
2895,0000
2896,0000
2897,0000
2898,0000
2899,0000
2900,0000
2901,0000
2902,0000
2903,0000
2904,0000
2905,2000
2906,2000
2907,2000
2908,2000
2909,2000
2910,2000
2911,2000
2912,0000
2913,0000
2914,0000
2915,0000
2916,0000
2917,0000
2918,0000
2919,0000
2920,0000
2921,0000
2922,0000
2923,0000
2924,0000
2925,0000
2926,0000
2927,0000
2928,0000
2929,0000
2930,0000
2931,0000
2932,0000
2933,0000
2934,0000
2935,0000
2936,0000
2937,0000
2938,0000
2939,0000
2940,0000
2941,0000
2942,0000
2943,0000
2944,0000
2945,0000
2946,0000
2947,0000
2948,0000
2949,0000
2950,0000
2951,0000
2952,0000
2953,0000
2954,0000
2955,0000
2956,0000
2957,0000
2958,0000
2959,0000
2960,0000
2961,0000
2962,0000
2963,0000
2964,0000
2965,0000
2966,0000
2967,0000
2968,0000
2969,0000
2970,0000
2971,0000
2972,0000
2973,0000
2974,0000
2975,0000
2976,0000
2977,0000
2978,0000
2979,0000
2980,0000
2981,0000
2982,0000
2983,0000
2984,0000
2985,0000
2986,0000
2987,0000
2988,0000
2989,0000
2990,0000
2991,0000
2992,0000
2993,0000
2994,0000
2995,0000
2996,0000
2997,0000
2998,0000
2999,0000
3000,0000
3001,0000
3002,0000
3003,0000
3004,0000
3005,0000
3006,0000
3007,0000
3008,0000
3009,0000
3010,0000
3011,0000
3012,0000
3013,0000
3014,0000
3015,0000
3016,0000
3017,0000
3018,0000
3019,0000
3020,0000
3021,0000
3022,0000
3023,0000
3024,0000
3025,0000
3026,0000
3027,0000
3028,0000
3029,0000
3030,0000
3031,0000
3032,0000
3033,0000
3034,0000
3035,0000
3036,0000
3037,0400
3038,0400
3039,0400
3040,0400
3041,0400
3042,0400
3043,0400
3044,0400
3045,0400
3046,0400
3047,0400
3048,0400
3049,0400
3050,0400
3051,0400
3052,0400
3053,0400
3054,0400
3055,0400
3056,0400
3057,0400
3058,0400
3059,0400
3060,0400
3061,0400
3062,0400
3063,0400
3064,0400
3065,0400
3066,0400
3067,0400
3068,0400
3069,0400
3070,0400
3071,0400
3072,0400
3073,0400
3074,0400
3075,0400
3076,0400
3077,0400
3078,0400
3079,0420
3080,0420
3081,0420
3082,0430
3083,0430
3084,0430
3085,0430
3086,0430
3087,0430
3088,0430
3089,0470
3090,0470
3091,0470
3092,0470
3093,0470
3094,0470
3095,0470
3096,0470
3097,0470
3098,0470
3099,0470
3100,0470
3101,0470
3102,0470
3103,0470
3104,0470
3105,0470
3106,0470
3107,0470
3108,0470
3109,0470
3110,0470
3111,0470
3112,0470
3113,0470
3114,0470
3115,0470
3116,0470
3117,0470
3118,0470
3119,0470
3120,0470
3121,0470
3122,0470
3123,0470
3124,0470
3125,0470
3126,0470
3127,0470
3128,0470
3129,0470
3130,0470
3131,0470
3132,0470
3133,0470
3134,0470
3135,0470
3136,0470
3137,0470
3138,0470
3139,0470
3140,0470
3141,0470
3142,0470
3143,0470
3144,0470
3145,0470
3146,0470
3147,0470
3148,0470
3149,0470
3150,0470
3151,0470
3152,0470
3153,0470
3154,0470
3155,0470
3156,0470
3157,0470
3158,0470
3159,0470
3160,0470
3161,0470
3162,0470
3163,0470
3164,0470
3165,0470
3166,0470
3167,0470
3168,0470
3169,0470
3170,0470
3171,0470
3172,0470
3173,0470
3174,0470
3175,0470
3176,0470
3177,0470
3178,0470
3179,0470
3180,0470
3181,0470
3182,0470
3183,0470
3184,0470
3185,0470
3186,0470
3187,0470
3188,0470
3189,0470
3190,0470
3191,0470
3192,0470
3193,0470
3194,0470
3195,0470
3196,0470
3197,0470
3198,0470
3199,0470
3200,0470
3201,0470
3202,0470
3203,0470
3204,0470
3205,0470
3206,0470
3207,0470
3208,0470
3209,0470
3210,0470
3211,0470
3212,0470
3213,0470
3214,0470
3215,0470
3216,0470
3217,0470
3218,0470
3219,0470
3220,0470
3221,0470
3222,0470
3223,0470
3224,0470
3225,0470
3226,0470
3227,0470
3228,0470
3229,0470
3230,0470
3231,0470
3232,0470
3233,0470
3234,0470
3235,0470
3236,0470
3237,0470
3238,0470
3239,0470
3240,0470
3241,0470
3242,0470
3243,0470
3244,0470
3245,0470
3246,0470
3247,0470
3248,0470
3249,0470
3250,0470
3251,0470
3252,0470
3253,0470
3254,0470
3255,0470
3256,0470
3257,0470
3258,0470
3259,0470
3260,0470
3261,0470
3262,0470
3263,0470
3264,0470
3265,0470
3266,0470
3267,0470
3268,0470
3269,0470
3270,0470
3271,0470
3272,0470
3273,0470
3274,0470
3275,0460
3276,0460
3277,0460
3278,0440
3279,0440
3280,0440
3281,0040
3282,0040
3283,0000
3284,0000
3285,0000
3286,0000
3287,0000
3288,0000
3289,0000
3290,0000
3291,0000
3292,0000
3293,0000
3294,0000
3295,0000
3296,0000
3297,0000
3298,0000
3299,0000
3300,0000
3301,0000
3302,0000
3303,0000
3304,0000
3305,0000
3306,0000
3307,0000
3308,0000
3309,0000
3310,0000
3311,0000
3312,0000
3313,0000
3314,0000
3315,0000
3316,0000
3317,0000
3318,0000
3319,0000
3320,0000
3321,0000
3322,0000
3323,0000
3324,0000
3325,0000
3326,0000
3327,0000
3328,0000
3329,0000
3330,0000
3331,0000
3332,2000
3333,2000
3334,2000
3335,2000
3336,2000
3337,2000
3338,2000
3339,2000
3340,2000
3341,0000
3342,0000
3343,0000
3344,0000
3345,0000
3346,0000
3347,0000
3348,0000
3349,2000
3350,2000
3351,2000
3352,2000
3353,2000
3354,2000
3355,2000
3356,2000
3357,0000
3358,0000
3359,0000
3360,0000
3361,0000
3362,0000
3363,0000
3364,0000
3365,0000
3366,0000
3367,0000
3368,0000
3369,0000
3370,0000
3371,0000
3372,0000
3373,0000
3374,0000
3375,0000
3376,0000
3377,0000
3378,0000
3379,0000
3380,0000
3381,0000
3382,0000
3383,0000
3384,0000
3385,0000
3386,0000
3387,0000
3388,0000
3389,0000
3390,0000
3391,0000
3392,0000
3393,0000
3394,0000
3395,0000
3396,0000
3397,0000
3398,0000
3399,0000
3400,0000
3401,0000
3402,0000
3403,0000
3404,0000
3405,0000
3406,0000
3407,0000
3408,0000
3409,0000
3410,0000
3411,0000
3412,0000
3413,0000
3414,0000
3415,0000
3416,0000
3417,0000
3418,0000
3419,0000
3420,0000
3421,0000
3422,0000
3423,0000
3424,0000
3425,0000
3426,0000
3427,0000
3428,0000
3429,0000
3430,0000
3431,0000
3432,0000
3433,0000
3434,0000
3435,0000
3436,0000
3437,0000
3438,0000
3439,0000
3440,0000
3441,0000
3442,0000
3443,0000
3444,0000
3445,0000
3446,0000
3447,0000
3448,0000
3449,0000
3450,0000
3451,0000
3452,0000
3453,0000
3454,0000
3455,0000
3456,0000
3457,0000
3458,0000
3459,0000
3460,0000
3461,0000
3462,0000
3463,0000
3464,0000
3465,0000
3466,0000
3467,0000
3468,0000
3469,0000
3470,0000
3471,0000
3472,0000
3473,0000
3474,0000
3475,0000
3476,0000
3477,0000
3478,0000
3479,0000
3480,0000
3481,0000
3482,0000
3483,0000
3484,0000
3485,0000
3486,0000
3487,0000
3488,0000
3489,0000
3490,0000
3491,0000
3492,0000
3493,0000
3494,0000
3495,0000
3496,0000
3497,0000
3498,0000
3499,0000
3500,0000
3501,0000
3502,0000
3503,0000
3504,0000
3505,0000
3506,0000
3507,0000
3508,0000
3509,0000
3510,0000
3511,0000
3512,0000
3513,0000
3514,0000
3515,0000
3516,0000
3517,0000
3518,0000
3519,0000
3520,0000
3521,0000
3522,0000
3523,0000
3524,0000
3525,0000
3526,0000
3527,0000
3528,0000
3529,0000
3530,0000
3531,0000
3532,0000
3533,0000
3534,0000
3535,0000
3536,0000
3537,0000
3538,0000
3539,0000
3540,0000
3541,0000
3542,0000
3543,0000
3544,0000
3545,0000
3546,0000
3547,0000
3548,0000
3549,0000
3550,0000
3551,0000
3552,0000
3553,0000
3554,0000
3555,0000
3556,0000
3557,0000
3558,0000
3559,0000
3560,0000
3561,0000
3562,0000
3563,0000
3564,0000
3565,0000
3566,0000
3567,0000
3568,0000
3569,0000
3570,0000
3571,0000
3572,0000
3573,0000
3574,0000
3575,0000
3576,0000
3577,0000
3578,0000
3579,0000
3580,0000
3581,0000
3582,0000
3583,0000
3584,0000
3585,0400
3586,0400
3587,0400
3588,0400
3589,0400
3590,0400
3591,0400
3592,0000
3593,0000
3594,0000
3595,0000
3596,8000
3597,8000
3598,8000
3599,8000
3600,8000
3601,8000
3602,8000
3603,8000
3604,8000
3605,8000
3606,8000
3607,8000
3608,8000
3609,8000
3610,8000
3611,8000
3612,8000
3613,8000
3614,8000
3615,8000
3616,8000
3617,8000
3618,8000
3619,8000
3620,8000
3621,8000
3622,8000
3623,8000
3624,8000
3625,8000
3626,8000
3627,8000
3628,8000
3629,8000
3630,8000
3631,8000
3632,8000
3633,8000
3634,8000
3635,8000
3636,8000
3637,8000
3638,8000
3639,8000
3640,8000
3641,8000
3642,8000
3643,8000
3644,8000
3645,8000
3646,8000
3647,8000
3648,8000
3649,8000
3650,8000
3651,8000
3652,8000
3653,8000
3654,8000
3655,8000
3656,8000
3657,8000
3658,8000
3659,8000
3660,8000
3661,8000
3662,8000
3663,8000
3664,8000
3665,8000
3666,8000
3667,8000
3668,8000
3669,8000
3670,8000
3671,8000
3672,8000
3673,8000
3674,8000
3675,8000
3676,8100
3677,8100
3678,8100
3679,0100
3680,0100
3681,0000
3682,0000
3683,0000
3684,0000
3685,0000
3686,0000
3687,0000
3688,0000
3689,0000
3690,0000
3691,0000
3692,0000
3693,0000
3694,0000
3695,0000
3696,0000
3697,0000
3698,0000
3699,0000
3700,0000
3701,0000
3702,0000
3703,0000
3704,0000
3705,0000
3706,0000
3707,0000
3708,0000
3709,0000
3710,0000
3711,0000
3712,0000
3713,0000
3714,0000
3715,0400
3716,0400
3717,0400
3718,0400
3719,0400
3720,0400
3721,0000
3722,0000
3723,8000
3724,8000
3725,8000
3726,8000
3727,8000
3728,8000
3729,8000
3730,8000
3731,8000
3732,8000
3733,8000
3734,8000
3735,8000
3736,8000
3737,8000
3738,8000
3739,8000
3740,8000
3741,8000
3742,8000
3743,8000
3744,8000
3745,8000
3746,8000
3747,8000
3748,8200
3749,8200
3750,8200
3751,8200
3752,8200
3753,8000
3754,8000
3755,8000
3756,8000
3757,8000
3758,8000
3759,8000
3760,8000
3761,8000
3762,8000
3763,8000
3764,8000
3765,8000
3766,8000
3767,8000
3768,8000
3769,8000
3770,8000
3771,8000
3772,8000
3773,8000
3774,8100
3775,8100
3776,8100
3777,0100
3778,0100
3779,0000
3780,0000
3781,0000
3782,0000
3783,0000
3784,0000
3785,0000
3786,0000
3787,0000
3788,0000
3789,0000
3790,0000
3791,0000
3792,0000
3793,0000
3794,0000
3795,0000
3796,0000
3797,0000
3798,0000
3799,0000
3800,0000
3801,0000
3802,0000
3803,0000
3804,0000
3805,0000
3806,0000
3807,0400
3808,0400
3809,0400
3810,0400
3811,0400
3812,0400
3813,0000
3814,0000
3815,0000
3816,0000
3817,0000
3818,8000
3819,8000
3820,8000
3821,8000
3822,8000
3823,8000
3824,8000
3825,8000
3826,8000
3827,8000
3828,8000
3829,8000
3830,8000
3831,8000
3832,8000
3833,8000
3834,8000
3835,8000
3836,8000
3837,8000
3838,8000
3839,8000
3840,8000
3841,8200
3842,8200
3843,8200
3844,8200
3845,8200
3846,8000
3847,8000
3848,8000
3849,8000
3850,8000
3851,8000
3852,8000
3853,8000
3854,8000
3855,8000
3856,8000
3857,8000
3858,8000
3859,8000
3860,8000
3861,8000
3862,8000
3863,8000
3864,8000
3865,8000
3866,8000
3867,8000
3868,8000
3869,8000
3870,8100
3871,8100
3872,0100
3873,0100
3874,0100
3875,0000
3876,0000
3877,0000
3878,0000
3879,0000
3880,0000
3881,0000
3882,0000
3883,0000
3884,0000
3885,0000
3886,0000
3887,0000
3888,0000
3889,0000
3890,0000
3891,0000
3892,0000
3893,0000
3894,0000
3895,0000
3896,0000
3897,0000
3898,0000
3899,0400
3900,0400
3901,0400
3902,0400
3903,0400
3904,0000
3905,0000
3906,0000
3907,0000
3908,0000
3909,0000
3910,0000
3911,8000
3912,8000
3913,8000
3914,8000
3915,8000
3916,8000
3917,8000
3918,8000
3919,8000
3920,8000
3921,8000
3922,8000
3923,8000
3924,8000
3925,8000
3926,8000
3927,8000
3928,8200
3929,8200
3930,8200
3931,8200
3932,8000
3933,8000
3934,8000
3935,8000
3936,8000
3937,8000
3938,8000
3939,8000
3940,8000
3941,8000
3942,8000
3943,8000
3944,8000
3945,8000
3946,8000
3947,8000
3948,8000
3949,8000
3950,8000
3951,8000
3952,8000
3953,8000
3954,8000
3955,8000
3956,8000
3957,8000
3958,8000
3959,8000
3960,8000
3961,8100
3962,8100
3963,8100
3964,0100
3965,0100
3966,0100
3967,0000
3968,0000
3969,0000
3970,0000
3971,0000
3972,0000
3973,0000
3974,0000
3975,0000
3976,0000
3977,0000
3978,0000
3979,0000
3980,0000
3981,0000
3982,0000
3983,0000
3984,0000
3985,0000
3986,0000
3987,0000
3988,0000
3989,0000
3990,0000
3991,0000
3992,0400
3993,0400
3994,0400
3995,0400
3996,0400
3997,0000
3998,0000
3999,0000
4000,0000
4001,0000
4002,0000
4003,8000
4004,8000
4005,8000
4006,8000
4007,8000
4008,8000
4009,8000
4010,8000
4011,8000
4012,8000
4013,8000
4014,8000
4015,8000
4016,8000
4017,8000
4018,8000
4019,8000
4020,8000
4021,8000
4022,8000
4023,8000
4024,8000
4025,8000
4026,8000
4027,8000
4028,8000
4029,8200
4030,8200
4031,8200
4032,8200
4033,8000
4034,8000
4035,8000
4036,8000
4037,8000
4038,8000
4039,8000
4040,8000
4041,8000
4042,8000
4043,8000
4044,8000
4045,8000
4046,8000
4047,8000
4048,8000
4049,8000
4050,8000
4051,8000
4052,8000
4053,8000
4054,8000
4055,8000
4056,8000
4057,8000
4058,8100
4059,8100
4060,0100
4061,0100
4062,0000
4063,0000
4064,0000
4065,0000
4066,0000
4067,0000
4068,0000
4069,0000
4070,0000
4071,0000
4072,0000
4073,0000
4074,0000
4075,0000
4076,0000
4077,0000
4078,0000
4079,0000
4080,0000
4081,0000
4082,0000
4083,0000
4084,0000
4085,0000
4086,0000
4087,0000
4088,0000
4089,0000
4090,0400
4091,0400
4092,0400
4093,0400
4094,0400
4095,0000
4096,0000
4097,0000
4098,0000
4099,8000
4100,8000
4101,8000
4102,8000
4103,8000
4104,8000
4105,8000
4106,8000
4107,8000
4108,8000
4109,8000
4110,8000
4111,8000
4112,8000
4113,8000
4114,8200
4115,8200
4116,8200
4117,8200
4118,8200
4119,8200
4120,8000
4121,8000
4122,8000
4123,8000
4124,8000
4125,8000
4126,8000
4127,8000
4128,8000
4129,8000
4130,8000
4131,8000
4132,8000
4133,8000
4134,8000
4135,8000
4136,8000
4137,8000
4138,8000
4139,8000
4140,8000
4141,8000
4142,8000
4143,8000
4144,8000
4145,8000
4146,8000
4147,8000
4148,8100
4149,8100
4150,0100
4151,0100
4152,0100
4153,0000
4154,0000
4155,0000
4156,0000
4157,0000
4158,0000
4159,0000
4160,0000
4161,0000
4162,0000
4163,0000
4164,0000
4165,0000
4166,0000
4167,0000
4168,0000
4169,0000
4170,0000
4171,0000
4172,0000
4173,0000
4174,0000
4175,0000
4176,0000
4177,0000
4178,0400
4179,0400
4180,0400
4181,0400
4182,0000
4183,0000
4184,0000
4185,0000
4186,0000
4187,0000
4188,8000
4189,8000
4190,8000
4191,8000
4192,8000
4193,8000
4194,8000
4195,8000
4196,8000
4197,8000
4198,8000
4199,8000
4200,8000
4201,8000
4202,8000
4203,8000
4204,8000
4205,8000
4206,8000
4207,8000
4208,8200
4209,8200
4210,8200
4211,8200
4212,8200
4213,8000
4214,8000
4215,8000
4216,8000
4217,8000
4218,8000
4219,8000
4220,8000
4221,8000
4222,8000
4223,8000
4224,8000
4225,8000
4226,8000
4227,8000
4228,8000
4229,8000
4230,8000
4231,8000
4232,8000
4233,8000
4234,8000
4235,8000
4236,8000
4237,8000
4238,8000
4239,8000
4240,8000
4241,8000
4242,8000
4243,8100
4244,8100
4245,0100
4246,0100
4247,0100
4248,0000
4249,0000
4250,0000
4251,0000
4252,0000
4253,0000
4254,0000
4255,0000
4256,0000
4257,0000
4258,0000
4259,0000
4260,0000
4261,0000
4262,0000
4263,0000
4264,0000
4265,0000
4266,0000
4267,0000
4268,0000
4269,0000
4270,0000
4271,0000
4272,0000
4273,0000
4274,0000
4275,0000
4276,0000
4277,0000
4278,0000
4279,0000
4280,0000
4281,0000
4282,0000
4283,0000
4284,0000
4285,0000
4286,0000
4287,0000
4288,0000
4289,0000
4290,0000
4291,0000
4292,0000
4293,0000
4294,0000
4295,0000
4296,0000
4297,0400
4298,0400
4299,0400
4300,0400
4301,0400
4302,0000
4303,0000
4304,0000
4305,0000
4306,0000
4307,0400
4308,0400
4309,0400
4310,0400
4311,0000
4312,0000
4313,0000
4314,0000
4315,0000
4316,0000
4317,0000
4318,0000
4319,0000
4320,0000
4321,0000
4322,0000
4323,0000
4324,0000
4325,0000
4326,0000
4327,0000
4328,0000
4329,0000
4330,0000
4331,0000
4332,0000
4333,0000
4334,0000
4335,0000
4336,0000
4337,0000
4338,0000
4339,0000
4340,0000
4341,0000
4342,0000
4343,0000
4344,0000
4345,0000
4346,0000
4347,0000
4348,0000
4349,0000
4350,0000
4351,0100
4352,0100
4353,0100
4354,0100
4355,0100
4356,0100
4357,0100
4358,0100
4359,0100
4360,0100
4361,0100
4362,0100
4363,0100
4364,0100
4365,0100
4366,0100
4367,0100
4368,0100
4369,0100
4370,0100
4371,0100
4372,0100
4373,0100
4374,0100
4375,0100
4376,0100
4377,0100
4378,0100
4379,0100
4380,0100
4381,0100
4382,0100
4383,0100
4384,0100
4385,0100
4386,0100
4387,0100
4388,0100
4389,0100
4390,0100
4391,0100
4392,0100
4393,0100
4394,0100
4395,0100
4396,0100
4397,0100
4398,0100
4399,0100
4400,0100
4401,0100
4402,0100
4403,0100
4404,0100
4405,0100
4406,0100
4407,0100
4408,0100
4409,0100
4410,0100
4411,0100
4412,0100
4413,0100
4414,0100
4415,0100
4416,0100
4417,0100
4418,0100
4419,0100
4420,0100
4421,0100
4422,0100
4423,0100
4424,0100
4425,0100
4426,0100
4427,0100
4428,0100
4429,0100
4430,0100
4431,0100
4432,0100
4433,0100
4434,0100
4435,0100
4436,0100
4437,0100
4438,0100
4439,0100
4440,0100
4441,0100
4442,0100
4443,0100
4444,0100
4445,0100
4446,0100
4447,0100
4448,0100
4449,0100
4450,0100
4451,0100
4452,0100
4453,0100
4454,0100
4455,0100
4456,0100
4457,0100
4458,0100
4459,0100
4460,0100
4461,0100
4462,0100
4463,0100
4464,0100
4465,0100
4466,0100
4467,0100
4468,0100
4469,0100
4470,0100
4471,0100
4472,0100
4473,0100
4474,0100
4475,0100
4476,0100
4477,0100
4478,0100
4479,0100
4480,0100
4481,0100
4482,0100
4483,0100
4484,0100
4485,0100
4486,0100
4487,0100
4488,0100
4489,0100
4490,0100
4491,0100
4492,0100
4493,0100
4494,0100
4495,0100
4496,0100
4497,0100
4498,0100
4499,0100
4500,0100
4501,0100
4502,0100
4503,0100
4504,0100
4505,0100
4506,0100
4507,0100
4508,0100
4509,0100
4510,0100
4511,0100
4512,0100
4513,0100
4514,0100
4515,0100
4516,0100
4517,0100
4518,0100
4519,0100
4520,0100
4521,0100
4522,0100
4523,0100
4524,0100
4525,0100
4526,0100
4527,0100
4528,0100
4529,0100
4530,0100
4531,0100
4532,0100
4533,0100
4534,0100
4535,0100
4536,0100
4537,0100
4538,0100
4539,0100
4540,0100
4541,0100
4542,0100
4543,0100
4544,0100
4545,0100
4546,0100
4547,0100
4548,0100
4549,0100
4550,0100
4551,0100
4552,0100
4553,0100
4554,0100
4555,0100
4556,0100
4557,0100
4558,0100
4559,0100
4560,0100
4561,0100
4562,0100
4563,0100
4564,0100
4565,0100
4566,0100
4567,0100
4568,0100
4569,0100
4570,0100
4571,0100
4572,0100
4573,0100
4574,0100
4575,0100
4576,0100
4577,0100
4578,0100
4579,0100
4580,0100
4581,0100
4582,0100
4583,0100
4584,0100
4585,0100
4586,0100
4587,0100
4588,0100
4589,0100
4590,0100
4591,0100
4592,0100
4593,0100
4594,0100
4595,0100
4596,0100
4597,0100
4598,0100
4599,0100
4600,0100
4601,0100
4602,0100
4603,0100
4604,0100
4605,0100
4606,0100
4607,0100
4608,0100
4609,0100
4610,0100
4611,0100
4612,0100
4613,0100
4614,0100
4615,0100
4616,0100
4617,0100
4618,0100
4619,0100
4620,0100
4621,0100
4622,0100
4623,0100
4624,0100
4625,0100
4626,0100
4627,0100
4628,0100
4629,0100
4630,0100
4631,0100
4632,0100
4633,0100
4634,0100
4635,0100
4636,0100
4637,0100
4638,0100
4639,0100
4640,0100
4641,0100
4642,0100
4643,0100
4644,0100
4645,0100
4646,0100
4647,0100
4648,0100
4649,0100
4650,0100
4651,0100
4652,0100
4653,0100
4654,0100
4655,0100
4656,0100
4657,0100
4658,0100
4659,0100
4660,0100
4661,0100
4662,0100
4663,0100
4664,0100
4665,0100
4666,0100
4667,0100
4668,0100
4669,0100
4670,0100
4671,0100
4672,0100
4673,0100
4674,0100
4675,0100
4676,0100
4677,0100
4678,0100
4679,0100
4680,0100
4681,0100
4682,0100
4683,0100
4684,0100
4685,0100
4686,0100
4687,0100
4688,0100
4689,0100
4690,0100
4691,0100
4692,0100
4693,0100
4694,0100
4695,0100
4696,0100
4697,0100
4698,0100
4699,0100
4700,0100
4701,0100
4702,0100
4703,0100
4704,0100
4705,0100
4706,0100
4707,0100
4708,0100
4709,0100
4710,0100
4711,0100
4712,0100
4713,0100
4714,0100
4715,0100
4716,0100
4717,0100
4718,0100
4719,0100
4720,0100
4721,0100
4722,0100
4723,0100
4724,0100
4725,0100
4726,0100
4727,0100
4728,0100
4729,0100
4730,0100
4731,0100
4732,0100
4733,0100
4734,0100
4735,0100
4736,0100
4737,0100
4738,0100
4739,0100
4740,0100
4741,0100
4742,0100
4743,0100
4744,0100
4745,0100
4746,0100
4747,0100
4748,0100
4749,0100
4750,0100
4751,0100
4752,0100
4753,0100
4754,0100
4755,0100
4756,0100
4757,0100
4758,0100
4759,0100
4760,0100
4761,0100
4762,0100
4763,0100
4764,0100
4765,0100
4766,0100
4767,0100
4768,0100
4769,0100
4770,0100
4771,0100
4772,0100
4773,0100
4774,0100
4775,0100
4776,0100
4777,0100
4778,0100
4779,0100
4780,0100
4781,0100
4782,0100
4783,0100
4784,0100
4785,0100
4786,0100
4787,0100
4788,0100
4789,0100
4790,0100
4791,0100
4792,0100
4793,0100
4794,0100
4795,0100
4796,0100
4797,0100
4798,0100
4799,0100
4800,0100
4801,0100
4802,0100
4803,0100
4804,0100
4805,0100
4806,0100
4807,0100
4808,0100
4809,0100
4810,0100
4811,0100
4812,0100
4813,0100
4814,0100
4815,0100
4816,0100
4817,0100
4818,0100
4819,0100
4820,0100
4821,0100
4822,0100
4823,0100
4824,0100
4825,0100
4826,0100
4827,0100
4828,0100
4829,0100
4830,0100
4831,0100
4832,0100
4833,0100
4834,0100
4835,0100
4836,0100
4837,0100
4838,0100
4839,0100
4840,0100
4841,0100
4842,0100
4843,0100
4844,0100
4845,0100
4846,0100
4847,0100
4848,0100
4849,0100
4850,0100
4851,0100
4852,0100
4853,0100
4854,0100
4855,0100
4856,0100
4857,0100
4858,0100
4859,0100
4860,0100
4861,0100
4862,0100
4863,0100
4864,0100
4865,0100
4866,0100
4867,0100
4868,0100
4869,0100
4870,0100
4871,0100
4872,0100
4873,0100
4874,0100
4875,0100
4876,0100
4877,0100
4878,0100
4879,0100
4880,0100
4881,0100
4882,0100
4883,0100
4884,0100
4885,0100
4886,0100
4887,0100
4888,0100
4889,0100
4890,0100
4891,0100
4892,0100
4893,0100
4894,0100
4895,0100
4896,0100
4897,0100
4898,0100
4899,0100
4900,0100
4901,0100
4902,0100
4903,0100
4904,0100
4905,0100
4906,0100
4907,0100
4908,0100
4909,0100
4910,0100
4911,0100
4912,0100
4913,0100
4914,0100
4915,0100
4916,0100
4917,0100
4918,0100
4919,0100
4920,0100
4921,0100
4922,0100
4923,0100
4924,0100
4925,0100
4926,0100
4927,0100
4928,0100
4929,0100
4930,0100
4931,0100
4932,0100
4933,0100
4934,0100
4935,0100
4936,0100
4937,0100
4938,0100
4939,0100
4940,0100
4941,0100
4942,0100
4943,0100
4944,0100
4945,0100
4946,0100
4947,0100
4948,0100
4949,0100
4950,0100
4951,0100
4952,0100
4953,0100
4954,0100
4955,0100
4956,0100
4957,0100
4958,0100
4959,0100
4960,0100
4961,0100
4962,0100
4963,0100
4964,0100
4965,0100
4966,0100
4967,0100
4968,0100
4969,0100
4970,0100
4971,0100
4972,0100
4973,0100
4974,0100
4975,0100
4976,0100
4977,0100
4978,0100
4979,0100
4980,0100
4981,0100
4982,0100
4983,0100
4984,0100
4985,0100
4986,0100
4987,0100
4988,0100
4989,0100
4990,0100
4991,0100
4992,0100
4993,0100
4994,0100
4995,0100
4996,0100
4997,0100
4998,0100
4999,0100
5000,0100
5001,0100
5002,0100
5003,0100
5004,0100
5005,0100
5006,0100
5007,0100
5008,0100
5009,0100
5010,0100
5011,0100
5012,0100
5013,0100
5014,0100
5015,0100
5016,0100
5017,0100
5018,0100
5019,0100
5020,0100
5021,0100
5022,0100
5023,0100
5024,0100
5025,0100
5026,0100
5027,0100
5028,0100
5029,0100
5030,0100
5031,0100
5032,0100
5033,0100
5034,0100
5035,0100
5036,0100
5037,0100
5038,0100
5039,0100
5040,0100
5041,0100
5042,0100
5043,0100
5044,0100
5045,0100
5046,0100
5047,0100
5048,0100
5049,0100
5050,0100
5051,0100
5052,0100
5053,0100
5054,0100
5055,0100
5056,0100
5057,0100
5058,0100
5059,0100
5060,0100
5061,0100
5062,0100
5063,0100
5064,0100
5065,0100
5066,0100
5067,0100
5068,0100
5069,0100
5070,0100
5071,0100
5072,0100
5073,0100
5074,0100
5075,0100
5076,0100
5077,0100
5078,0100
5079,0100
5080,0100
5081,0100
5082,0100
5083,0100
5084,0100
5085,0100
5086,0100
5087,0100
5088,0100
5089,0100
5090,0100
5091,0100
5092,0100
5093,0100
5094,0100
5095,0100
5096,0100
5097,0100
5098,0100
5099,0100
5100,0100
5101,0100
5102,0100
5103,0100
5104,0100
5105,0100
5106,0100
5107,0100
5108,0100
5109,0100
5110,0100
5111,0100
5112,0100
5113,0100
5114,0100
5115,0100
5116,0100
5117,0100
5118,0100
5119,0100
5120,0100
5121,0100
5122,0100
5123,0100
5124,0100
5125,0100
5126,0100
5127,0100
5128,0100
5129,0100
5130,0100
5131,0100
5132,0100
5133,0100
5134,0100
5135,0100
5136,0100
5137,0100
5138,0100
5139,0100
5140,0100
5141,0100
5142,0100
5143,0100
5144,0100
5145,0100
5146,0100
5147,0100
5148,0100
5149,0100
5150,0100
5151,0100
5152,0100
5153,0100
5154,0100
5155,0100
5156,0100
5157,0100
5158,0100
5159,0100
5160,0100
5161,0100
5162,0100
5163,0100
5164,0100
5165,0100
5166,0100
5167,0100
5168,0100
5169,0100
5170,0100
5171,0100
5172,0100
5173,0100
5174,0100
5175,0100
5176,0100
5177,0100
5178,0100
5179,0100
5180,0100
5181,0100
5182,0100
5183,0100
5184,0100
5185,0100
5186,0100
5187,0100
5188,0100
5189,0100
5190,0100
5191,0100
5192,0100
5193,0100
5194,0100
5195,0100
5196,0100
5197,0100
5198,0100
5199,0100
5200,0100
5201,0100
5202,0100
5203,0100
5204,0100
5205,0100
5206,0100
5207,0100
5208,0100
5209,0100
5210,0100
5211,0100
5212,0100
5213,0100
5214,0100
5215,0100
5216,0100
5217,0100
5218,0100
5219,0100
5220,0100
5221,0100
5222,0100
5223,0100
5224,0100
5225,0100
5226,0100
5227,0100
5228,0100
5229,0100
5230,0100
5231,0100
5232,0100
5233,0100
5234,0100
5235,0100
5236,0100
5237,0100
5238,0100
5239,0100
5240,0100
5241,0100
5242,0100
5243,0100
5244,0100
5245,0100
5246,0100
5247,0100
5248,0100
5249,0100
5250,0100
5251,0100
5252,0100
5253,0100
5254,0100
5255,0100
5256,0100
5257,0100
5258,0100
5259,0100
5260,0100
5261,0100
5262,0100
5263,0100
5264,0100
5265,0100
5266,0100
5267,0100
5268,0100
5269,0100
5270,0100
5271,0100
5272,0100
5273,0100
5274,0100
5275,0100
5276,0100
5277,0100
5278,0100
5279,0100
5280,0100
5281,0100
5282,0100
5283,0100
5284,0100
5285,0100
5286,0100
5287,0100
5288,0100
5289,0100
5290,0100
5291,0100
5292,0100
5293,0100
5294,0100
5295,0100
5296,0100
5297,0100
5298,0100
5299,0100
5300,0100
5301,0100
5302,0100
5303,0100
5304,0100
5305,0100
5306,0100
5307,0100
5308,0100
5309,0100
5310,0100
5311,0100
5312,0100
5313,0100
5314,0100
5315,0100
5316,0100
5317,0100
5318,0100
5319,0100
5320,0100
5321,0100
5322,0100
5323,0100
5324,0100
5325,0100
5326,0100
5327,0100
5328,0100
5329,0100
5330,0100
5331,0100
5332,0100
5333,0100
5334,0100
5335,0100
5336,0100
5337,0100
5338,0100
5339,0100
5340,0100
5341,0100
5342,0100
5343,0100
5344,0100
5345,0100
5346,0100
5347,0100
5348,0100
5349,0100
5350,0100
5351,0100
5352,0100
5353,0100
5354,0100
5355,0100
5356,0100
5357,0100
5358,0100
5359,0100
5360,0100
5361,0100
5362,0100
5363,0100
5364,0100
5365,0100
5366,0100
5367,0100
5368,0100
5369,0100
5370,0100
5371,0100
5372,0100
5373,0100
5374,0100
5375,0100
5376,0100
5377,0100
5378,0100
5379,0100
5380,0100
5381,0100
5382,0100
5383,0100
5384,0100
5385,0100
5386,0100
5387,0100
5388,0100
5389,0100
5390,0100
5391,0100
5392,0100
5393,0100
5394,0100
5395,0100
5396,0100
5397,0100
5398,0100
5399,0100
5400,0100
5401,0100
5402,0100
5403,0100
5404,0100
5405,0100
5406,0100
5407,0100
5408,0100
5409,0100
5410,0100
5411,0100
5412,0100
5413,0100
5414,0100
5415,0100
5416,0100
5417,0100
5418,0100
5419,0100
5420,0100
5421,0100
5422,0100
5423,0100
5424,0100
5425,0100
5426,0100
5427,0100
5428,0100
5429,0100
5430,0100
5431,0100
5432,0100
5433,0100
5434,0100
5435,0100
5436,0100
5437,0100
5438,0100
5439,0100
5440,0100
5441,0100
5442,0100
5443,0100
5444,0100
5445,0100
5446,0100
5447,0100
5448,0100
5449,0100
5450,0100
5451,0100
5452,0100
5453,0100
5454,0100
5455,0100
5456,0100
5457,0100
5458,0100
5459,0100
5460,0100
5461,0100
5462,0100
5463,0100
5464,0100
5465,0100
5466,0100
5467,0100
5468,0100
5469,0100
5470,0100
5471,0100
5472,0100
5473,0100
5474,0100
5475,0100
5476,0100
5477,0100
5478,0100
5479,0100
5480,0100
5481,0100
5482,0100
5483,0100
5484,0100
5485,0100
5486,0100
5487,0100
5488,0100
5489,0100
5490,0100
5491,0100
5492,0100
5493,0100
5494,0100
5495,0100
5496,0100
5497,0100
5498,0100
5499,0100
5500,0100
5501,0100
5502,0100
5503,0100
5504,0100
5505,0100
5506,0100
5507,0100
5508,0100
5509,0100
5510,0100
5511,0100
5512,0100
5513,0100
5514,0100
5515,0100
5516,0100
5517,0100
5518,0100
5519,0100
5520,0100
5521,0100
5522,0100
5523,0100
5524,0100
5525,0100
5526,0100
5527,0100
5528,0100
5529,0100
5530,0100
5531,0100
5532,0100
5533,0100
5534,0100
5535,0100
5536,0100
5537,0100
5538,0100
5539,0100
5540,0100
5541,0100
5542,0100
5543,0100
5544,0100
5545,0100
5546,0100
5547,0100
5548,0100
5549,0100
5550,0100
5551,0100
5552,0100
5553,0100
5554,0100
5555,0100
5556,0100
5557,0100
5558,0100
5559,0100
5560,0100
5561,0100
5562,0100
5563,0100
5564,0100
5565,0100
5566,0100
5567,0100
5568,0100
5569,0100
5570,0100
5571,0100
5572,0100
5573,0100
5574,0100
5575,0100
5576,0100
5577,0100
5578,0100
5579,0100
5580,0100
5581,0100
5582,0100
5583,0100
5584,0100
5585,0100
5586,0100
5587,0100
5588,0100
5589,0100
5590,0100
5591,0100
5592,0100
5593,0100
5594,0100
5595,0100
5596,0100
5597,0100
5598,0100
5599,0100
5600,0100
5601,0100
5602,0100
5603,0100
5604,0100
5605,0100
5606,0100
5607,0100
5608,0100
5609,0100
5610,0100
5611,0100
5612,0100
5613,0100
5614,0100
5615,0100
5616,0100
5617,0100
5618,0100
5619,0100
5620,0100
5621,0100
5622,0100
5623,0100
5624,0100
5625,0100
5626,0100
5627,0100
5628,0100
5629,0100
5630,0100
5631,0100
5632,0100
5633,0100
5634,0100
5635,0100
5636,0100
5637,0100
5638,0100
5639,0100
5640,0100
5641,0100
5642,0100
5643,0100
5644,0100
5645,0100
5646,0100
5647,0100
5648,0100
5649,0100
5650,0000
5651,0000
5652,0000
5653,0000
5654,0000
5655,0000
5656,0000
5657,0000
5658,0000
5659,0000
5660,0000
5661,0000
5662,0000
5663,0000
5664,0000
5665,0000
5666,0000
5667,0000
5668,0000
5669,0000
5670,0000
5671,0000
5672,0000
5673,0000
5674,0000
5675,0000
5676,0000
5677,0000
5678,0000
5679,0000
5680,0000
5681,0000
5682,0000
5683,0000
5684,0000
5685,0000
5686,0000
5687,0000
5688,0000
5689,0000
5690,0000
5691,0000
5692,0000
5693,0000
5694,0000
5695,0000
5696,0000
5697,0000
5698,0000
5699,0000
5700,0000
5701,0000
5702,0000
5703,0000
5704,0000
5705,0000
5706,0000
5707,0000
5708,0000
5709,0000
5710,0000
5711,0000
5712,0000
5713,0000
5714,0000
5715,0000
5716,0000
5717,0000
5718,0000
5719,0000
5720,0000
5721,0000
5722,0000
5723,0000
5724,0000
5725,0000
5726,0000
5727,0000
5728,0000
5729,0000
5730,0000
5731,0000
5732,0000
5733,0000
5734,0000
5735,0000
5736,0000
5737,0000
5738,0000
5739,0000
5740,0000
5741,0000
5742,0000
5743,0000
5744,0000
5745,0000
5746,0000
5747,0000
5748,0000
5749,0000
5750,0000
5751,0000
5752,0000
5753,0000
5754,0000
5755,0000
5756,0000
5757,0000
5758,0000
5759,0000
5760,0000
5761,0000
5762,0000
5763,0000
5764,0000
5765,0000
5766,0000
5767,0000
5768,0000
5769,0000
5770,0000
5771,0000
5772,0000
5773,0000
5774,0000
5775,0000
5776,0000
5777,0000
5778,0000
5779,0000
5780,0000
5781,0000
5782,0000
5783,0000
5784,0000
5785,0000
5786,0000
5787,0000
5788,0000
5789,0000
5790,0000
5791,0000
5792,0000
5793,0000
5794,0000
5795,0000
5796,0000
5797,0000
5798,0000
5799,0000
5800,0000
5801,0000
5802,0000
5803,0000
5804,0000
5805,0000
5806,0000
5807,0000
5808,0000
5809,0000
5810,0000
5811,0000
5812,0000
5813,0000
5814,0000
5815,0000
5816,0000
5817,0000
5818,0000
5819,0000
5820,0000
5821,0000
5822,0000
5823,0000
5824,0000
5825,0000
5826,0000
5827,0000
5828,0000
5829,0000
5830,0000
5831,0000
5832,0000
5833,0000
5834,0000
5835,0000
5836,0000
5837,0000
5838,0000
5839,0000
5840,0000
5841,0000
5842,0000
